{
	"credit": "Made with Blockbench",
	"parent": "minecraft:diamond_axe",
	"textures": {
		"0": "item/blade",
		"1": "item/metal",
		"2": "item/wood",
		"3": "item/gold",
		"particle": "item/blade"
	},
	"elements": [
		{
			"from": [7, 7.5, 7],
			"to": [9.25, 8.5, 9],
			"rotation": {"angle": 0, "axis": "y", "origin": [8.05263, 18.02022, 7.97702]},
			"faces": {
				"north": {"uv": [0, 0, 2.25, 1], "texture": "#3"},
				"east": {"uv": [0, 0, 2, 1], "texture": "#3"},
				"south": {"uv": [0, 0, 2.25, 1], "texture": "#3"},
				"west": {"uv": [0, 0, 2, 1], "texture": "#3"},
				"up": {"uv": [0, 0, 2.25, 2], "texture": "#3"},
				"down": {"uv": [0, 0, 2.25, 2], "texture": "#3"}
			}
		},
		{
			"from": [7, 3.5, 7],
			"to": [9.25, 4.5, 9],
			"rotation": {"angle": 0, "axis": "y", "origin": [8.05263, 18.02022, 7.97702]},
			"faces": {
				"north": {"uv": [0, 0, 2.25, 1], "texture": "#3"},
				"east": {"uv": [0, 0, 2, 1], "texture": "#3"},
				"south": {"uv": [0, 0, 2.25, 1], "texture": "#3"},
				"west": {"uv": [0, 0, 2, 1], "texture": "#3"},
				"up": {"uv": [0, 0, 2.25, 2], "texture": "#3"},
				"down": {"uv": [0, 0, 2.25, 2], "texture": "#3"}
			}
		},
		{
			"from": [7.25, 8.5, 7.25],
			"to": [9, 17.75, 8.75],
			"rotation": {"angle": 0, "axis": "y", "origin": [8.05263, 18.02022, 7.97702]},
			"faces": {
				"north": {"uv": [0, 0, 1.75, 9.25], "texture": "#1"},
				"east": {"uv": [0, 0, 1.5, 9.25], "texture": "#1"},
				"south": {"uv": [0, 0, 1.75, 9.25], "texture": "#1"},
				"west": {"uv": [0, 0, 1.5, 9.25], "texture": "#1"},
				"up": {"uv": [0, 0, 1.75, 1.5], "texture": "#1"},
				"down": {"uv": [0, 0, 1.75, 1.5], "texture": "#1"}
			}
		},
		{
			"from": [7, 17.75, 7],
			"to": [9.25, 21.5, 9],
			"rotation": {"angle": 0, "axis": "y", "origin": [8.05263, 18.02022, 7.97702]},
			"faces": {
				"north": {"uv": [0, 0, 2.25, 3.75], "texture": "#2"},
				"east": {"uv": [0, 0, 2, 3.75], "texture": "#2"},
				"south": {"uv": [0, 0, 2.25, 3.75], "texture": "#2"},
				"west": {"uv": [0, 0, 2, 3.75], "texture": "#2"},
				"up": {"uv": [0, 0, 2.25, 2], "texture": "#2"},
				"down": {"uv": [0, 0, 2.25, 2], "texture": "#2"}
			}
		},
		{
			"from": [7, 17.5, 7],
			"to": [9.25, 17.75, 9],
			"rotation": {"angle": 0, "axis": "y", "origin": [8.05263, 14.27022, 7.97702]},
			"faces": {
				"north": {"uv": [0, 0, 2.25, 0.25], "texture": "#3"},
				"east": {"uv": [0, 0, 2, 0.25], "texture": "#3"},
				"south": {"uv": [0, 0, 2.25, 0.25], "texture": "#3"},
				"west": {"uv": [0, 0, 2, 0.25], "texture": "#3"},
				"up": {"uv": [0, 0, 2.25, 2], "texture": "#3"},
				"down": {"uv": [0, 0, 2.25, 2], "texture": "#3"}
			}
		},
		{
			"from": [7.25, 4.5, 7.25],
			"to": [9, 7.75, 8.75],
			"rotation": {"angle": 0, "axis": "y", "origin": [8.05263, 18.02022, 7.97702]},
			"faces": {
				"north": {"uv": [0, 0, 1.75, 3.25], "texture": "#2"},
				"east": {"uv": [0, 0, 1.5, 3.25], "texture": "#2"},
				"south": {"uv": [0, 0, 1.75, 3.25], "texture": "#2"},
				"west": {"uv": [0, 0, 1.5, 3.25], "texture": "#2"},
				"up": {"uv": [0, 0, 1.75, 1.5], "texture": "#2"},
				"down": {"uv": [0, 0, 1.75, 1.5], "texture": "#2"}
			}
		},
		{
			"from": [7.25, 21.5, 7.25],
			"to": [9, 21.75, 8.75],
			"rotation": {"angle": 0, "axis": "y", "origin": [8.05263, 18.02022, 7.97702]},
			"faces": {
				"north": {"uv": [0, 0, 1.75, 0.25], "texture": "#3"},
				"east": {"uv": [0, 0, 1.5, 0.25], "texture": "#3"},
				"south": {"uv": [0, 0, 1.75, 0.25], "texture": "#3"},
				"west": {"uv": [0, 0, 1.5, 0.25], "texture": "#3"},
				"up": {"uv": [0, 0, 1.75, 1.5], "texture": "#3"},
				"down": {"uv": [0, 0, 1.75, 1.5], "texture": "#3"}
			}
		},
		{
			"from": [7.5, 21.75, 7.5],
			"to": [8.75, 22, 8.5],
			"rotation": {"angle": 0, "axis": "y", "origin": [8.05263, 18.02022, 7.97702]},
			"faces": {
				"north": {"uv": [0, 0, 1.25, 0.25], "texture": "#0"},
				"east": {"uv": [0, 0, 1, 0.25], "texture": "#0"},
				"south": {"uv": [0, 0, 1.25, 0.25], "texture": "#0"},
				"west": {"uv": [0, 0, 1, 0.25], "texture": "#0"},
				"up": {"uv": [0, 0, 1.25, 1], "texture": "#0"},
				"down": {"uv": [0, 0, 1.25, 1], "texture": "#0"}
			}
		},
		{
			"from": [7.25, 18, 9],
			"to": [9, 21.25, 10.5],
			"rotation": {"angle": 0, "axis": "y", "origin": [8.05263, 18.02022, 7.97702]},
			"faces": {
				"north": {"uv": [0, 0, 1.75, 3.25], "texture": "#1"},
				"east": {"uv": [0, 0, 1.5, 3.25], "texture": "#1"},
				"south": {"uv": [0, 0, 1.75, 3.25], "texture": "#1"},
				"west": {"uv": [0, 0, 1.5, 3.25], "texture": "#1"},
				"up": {"uv": [0, 0, 1.75, 1.5], "texture": "#1"},
				"down": {"uv": [0, 0, 1.75, 1.5], "texture": "#1"}
			}
		},
		{
			"from": [7.25, 18, 5.5],
			"to": [9, 21.25, 7],
			"rotation": {"angle": 0, "axis": "y", "origin": [8.05263, 18.02022, 4.47702]},
			"faces": {
				"north": {"uv": [0, 0, 1.75, 3.25], "texture": "#1"},
				"east": {"uv": [0, 0, 1.5, 3.25], "texture": "#1"},
				"south": {"uv": [0, 0, 1.75, 3.25], "texture": "#1"},
				"west": {"uv": [0, 0, 1.5, 3.25], "texture": "#1"},
				"up": {"uv": [0, 0, 1.75, 1.5], "texture": "#1"},
				"down": {"uv": [0, 0, 1.75, 1.5], "texture": "#1"}
			}
		},
		{
			"from": [7.5, 17.25, 10.5],
			"to": [8.75, 22, 11.75],
			"rotation": {"angle": 0, "axis": "y", "origin": [8.05263, 18.02022, 7.97702]},
			"faces": {
				"north": {"uv": [0, 0, 1.25, 4.75], "texture": "#1"},
				"east": {"uv": [0, 0, 1.25, 4.75], "texture": "#1"},
				"south": {"uv": [0, 0, 1.25, 4.75], "texture": "#1"},
				"west": {"uv": [0, 0, 1.25, 4.75], "texture": "#1"},
				"up": {"uv": [0, 0, 1.25, 1.25], "texture": "#1"},
				"down": {"uv": [0, 0, 1.25, 1.25], "texture": "#1"}
			}
		},
		{
			"from": [7.5, 17.25, 4.25],
			"to": [8.75, 22, 5.5],
			"rotation": {"angle": 0, "axis": "y", "origin": [8.05263, 18.02022, 1.72702]},
			"faces": {
				"north": {"uv": [0, 0, 1.25, 4.75], "texture": "#1"},
				"east": {"uv": [0, 0, 1.25, 4.75], "texture": "#1"},
				"south": {"uv": [0, 0, 1.25, 4.75], "texture": "#1"},
				"west": {"uv": [0, 0, 1.25, 4.75], "texture": "#1"},
				"up": {"uv": [0, 0, 1.25, 1.25], "texture": "#1"},
				"down": {"uv": [0, 0, 1.25, 1.25], "texture": "#1"}
			}
		},
		{
			"from": [7.75, 16.23967, 11.11374],
			"to": [8.5, 18.23967, 14.91374],
			"rotation": {"angle": -45, "axis": "x", "origin": [8.05263, 18.02022, 7.97702]},
			"faces": {
				"north": {"uv": [0, 0, 2, 3.8], "rotation": 90, "texture": "#1"},
				"east": {"uv": [0, 0, 2, 3.8], "rotation": 90, "texture": "#1"},
				"south": {"uv": [0, 0, 2, 3.8], "rotation": 90, "texture": "#1"},
				"west": {"uv": [0, 0, 2, 3.8], "rotation": 90, "texture": "#1"},
				"up": {"uv": [0, 0, 2, 3.8], "rotation": 90, "texture": "#1"},
				"down": {"uv": [0, 0, 2, 3.8], "rotation": 90, "texture": "#1"}
			}
		},
		{
			"from": [7.75, 23.48967, 3.86374],
			"to": [8.5, 25.48967, 7.66374],
			"rotation": {"angle": 45, "axis": "x", "origin": [8.05263, 25.27022, 0.72702]},
			"faces": {
				"north": {"uv": [0, 0, 0.75, 2], "rotation": 180, "texture": "#1"},
				"east": {"uv": [0, 0, 2, 3.8], "rotation": 90, "texture": "#1"},
				"south": {"uv": [0, 0, 0.75, 2], "texture": "#1"},
				"west": {"uv": [0, 0, 2, 3.8], "rotation": 270, "texture": "#1"},
				"up": {"uv": [0, 0, 0.75, 3.8], "texture": "#1"},
				"down": {"uv": [0, 0, 0.75, 3.8], "rotation": 180, "texture": "#1"}
			}
		},
		{
			"from": [7.5, 21.5, 12.75],
			"to": [8.75, 23.25, 17.05],
			"rotation": {"angle": 0, "axis": "x", "origin": [8.05263, 18.02022, 7.97702]},
			"faces": {
				"north": {"uv": [0, 0, 1.25, 1.75], "rotation": 180, "texture": "#1"},
				"east": {"uv": [0, 0, 1.75, 4.3], "rotation": 90, "texture": "#1"},
				"south": {"uv": [0, 0, 1.25, 1.75], "texture": "#1"},
				"west": {"uv": [0, 0, 1.75, 4.3], "rotation": 270, "texture": "#1"},
				"up": {"uv": [0, 0, 1.25, 4.3], "texture": "#1"},
				"down": {"uv": [0, 0, 1.25, 4.3], "rotation": 180, "texture": "#1"}
			}
		},
		{
			"from": [7.5, 21.5, -1.25],
			"to": [8.75, 23.25, 3.05],
			"rotation": {"angle": 0, "axis": "x", "origin": [8.05263, 18.02022, -6.02298]},
			"faces": {
				"north": {"uv": [0, 0, 1.25, 1.75], "rotation": 180, "texture": "#1"},
				"east": {"uv": [0, 0, 1.75, 4.3], "rotation": 90, "texture": "#1"},
				"south": {"uv": [0, 0, 1.25, 1.75], "texture": "#1"},
				"west": {"uv": [0, 0, 1.75, 4.3], "rotation": 270, "texture": "#1"},
				"up": {"uv": [0, 0, 1.25, 4.3], "texture": "#1"},
				"down": {"uv": [0, 0, 1.25, 4.3], "rotation": 180, "texture": "#1"}
			}
		},
		{
			"from": [8, 17.25, 16],
			"to": [8.25, 21.75, 18],
			"rotation": {"angle": 0, "axis": "y", "origin": [8.05263, 18.02022, 7.97702]},
			"faces": {
				"north": {"uv": [0, 0, 0.25, 4.5], "texture": "#0"},
				"east": {"uv": [0, 0, 2, 4.5], "texture": "#0"},
				"south": {"uv": [0, 0, 0.25, 4.5], "texture": "#0"},
				"west": {"uv": [0, 0, 2, 4.5], "texture": "#0"},
				"up": {"uv": [0, 0, 0.25, 2], "texture": "#missing"},
				"down": {"uv": [0, 0, 0.25, 2], "texture": "#0"}
			}
		},
		{
			"from": [8, 17.25, -2.5],
			"to": [8.25, 21.75, -0.5],
			"rotation": {"angle": 0, "axis": "y", "origin": [8.05263, 18.02022, -10.52298]},
			"faces": {
				"north": {"uv": [0, 0, 0.25, 4.5], "texture": "#0"},
				"east": {"uv": [0, 0, 2, 4.5], "texture": "#0"},
				"south": {"uv": [0, 0, 0.25, 4.5], "texture": "#0"},
				"west": {"uv": [0, 0, 2, 4.5], "texture": "#0"},
				"up": {"uv": [0, 0, 0.25, 2], "texture": "#0"},
				"down": {"uv": [0, 0, 0.25, 2], "texture": "#0"}
			}
		},
		{
			"from": [7.75, 13.57851, 15.8607],
			"to": [8.5, 15.37851, 17.8607],
			"rotation": {"angle": -45, "axis": "x", "origin": [8.05263, 18.02022, 7.97702]},
			"faces": {
				"north": {"uv": [0, 0, 0.75, 1.8], "rotation": 180, "texture": "#1"},
				"east": {"uv": [0, 0, 2, 1.8], "rotation": 180, "texture": "#1"},
				"south": {"uv": [0, 0, 0.75, 1.8], "rotation": 180, "texture": "#1"},
				"west": {"uv": [0, 0, 2, 1.8], "rotation": 180, "texture": "#1"},
				"up": {"uv": [0, 0, 0.75, 2], "texture": "#missing"},
				"down": {"uv": [0, 0, 0.75, 2], "texture": "#1"}
			}
		},
		{
			"from": [7.75, 13.57851, -2.1393],
			"to": [8.5, 15.37851, -0.1393],
			"rotation": {"angle": -45, "axis": "x", "origin": [8.05263, 18.02022, -10.02298]},
			"faces": {
				"north": {"uv": [0, 0, 0.75, 1.8], "rotation": 180, "texture": "#1"},
				"east": {"uv": [0, 0, 2, 1.8], "rotation": 180, "texture": "#1"},
				"south": {"uv": [0, 0, 0.75, 1.8], "rotation": 180, "texture": "#1"},
				"west": {"uv": [0, 0, 2, 1.8], "rotation": 180, "texture": "#1"},
				"up": {"uv": [0, 0, 0.75, 2], "texture": "#1"},
				"down": {"uv": [0, 0, 0.75, 2], "texture": "#1"}
			}
		}
	],
	"display": {
		"thirdperson_righthand": {
			"rotation": [18, -17, -33]
		},
		"gui": {
			"rotation": [0, 90, 0],
			"translation": [0, -4, 0],
			"scale": [0.75, 0.75, 0.75]
		},
		"fixed": {
			"rotation": [0, 90, 0],
			"translation": [0, -5, 0],
			"scale": [0.75, 0.75, 0.75]
		}
	},
	"groups": [0, 1, 2, 3, 4, 5, 6, 7,
		{
			"name": "Blade",
			"origin": [8, 30, 7.5],
			"children": [8, 9, 10, 11, 12, 13, 14, 15, 16, 17, 18, 19]
		}
	]
}
