{
	"credit": "Made with Blockbench",
	"textures": {
		"0": "item/gold",
		"2": "item/green",
		"particle": "item/gold"
	},
	"elements": [
		{
			"from": [8.375, 4.25, 3.375],
			"to": [9.375, 5, 8.375],
			"rotation": {"angle": 0, "axis": "y", "origin": [8.875, 4.125, 5]},
			"faces": {
				"north": {"uv": [0, 0, 1, 0.75], "texture": "#0"},
				"east": {"uv": [0, 0, 5, 0.75], "texture": "#0"},
				"south": {"uv": [0, 0, 1, 0.75], "texture": "#0"},
				"west": {"uv": [0, 0, 5, 0.75], "texture": "#0"},
				"up": {"uv": [0, 0, 5, 1], "rotation": 270, "texture": "#0"},
				"down": {"uv": [0, 0, 5, 1], "rotation": 90, "texture": "#0"}
			}
		},
		{
			"from": [8.375, 3.25, 4.375],
			"to": [9.375, 4.25, 5.375],
			"rotation": {"angle": 0, "axis": "y", "origin": [8.875, 4.125, 8]},
			"faces": {
				"north": {"uv": [0, 0, 1, 1], "texture": "#0"},
				"east": {"uv": [0, 0, 1, 1], "texture": "#0"},
				"south": {"uv": [0, 0, 1, 1], "texture": "#0"},
				"west": {"uv": [0, 0, 1, 1], "texture": "#0"},
				"up": {"uv": [0, 0, 1, 1], "rotation": 270, "texture": "#0"},
				"down": {"uv": [0, 0, 1, 1], "rotation": 90, "texture": "#0"}
			}
		},
		{
			"from": [8.375, 3.5, 6.375],
			"to": [9.375, 4.25, 7.375],
			"rotation": {"angle": 0, "axis": "y", "origin": [8.875, 4.375, 8]},
			"faces": {
				"north": {"uv": [0, 0, 1, 0.75], "texture": "#0"},
				"east": {"uv": [0, 0, 1, 0.75], "texture": "#0"},
				"south": {"uv": [0, 0, 1, 0.75], "texture": "#0"},
				"west": {"uv": [0, 0, 1, 0.75], "texture": "#0"},
				"up": {"uv": [0, 0, 1, 1], "rotation": 270, "texture": "#0"},
				"down": {"uv": [0, 0, 1, 1], "rotation": 90, "texture": "#0"}
			}
		},
		{
			"from": [8.375, 3, 9.375],
			"to": [9.375, 6, 10.375],
			"rotation": {"angle": 0, "axis": "y", "origin": [8.875, 4.125, 8]},
			"faces": {
				"north": {"uv": [0, 0, 1, 3], "texture": "#0"},
				"east": {"uv": [0, 0, 1, 3], "texture": "#0"},
				"south": {"uv": [0, 0, 1, 3], "texture": "#0"},
				"west": {"uv": [0, 0, 1, 3], "texture": "#0"},
				"up": {"uv": [0, 0, 1, 1], "rotation": 270, "texture": "#0"},
				"down": {"uv": [0, 0, 1, 1], "rotation": 90, "texture": "#0"}
			}
		},
		{
			"from": [8.375, 3.25, 10.375],
			"to": [9.375, 4, 11.375],
			"rotation": {"angle": 0, "axis": "y", "origin": [8.875, 4.125, 8]},
			"faces": {
				"north": {"uv": [0, 0, 1, 0.75], "texture": "#0"},
				"east": {"uv": [0, 0, 1, 0.75], "texture": "#0"},
				"south": {"uv": [0, 0, 1, 0.75], "texture": "#0"},
				"west": {"uv": [0, 0, 1, 0.75], "texture": "#0"},
				"up": {"uv": [0, 0, 1, 1], "rotation": 270, "texture": "#0"},
				"down": {"uv": [0, 0, 1, 1], "rotation": 90, "texture": "#0"}
			}
		},
		{
			"from": [8.375, 3, 11.375],
			"to": [9.375, 6, 12.375],
			"rotation": {"angle": 0, "axis": "y", "origin": [8.875, 4.125, 8]},
			"faces": {
				"north": {"uv": [0, 0, 1, 3], "texture": "#0"},
				"east": {"uv": [0, 0, 1, 3], "texture": "#0"},
				"south": {"uv": [0, 0, 1, 3], "texture": "#0"},
				"west": {"uv": [0, 0, 1, 3], "texture": "#0"},
				"up": {"uv": [0, 0, 1, 1], "rotation": 270, "texture": "#0"},
				"down": {"uv": [0, 0, 1, 1], "rotation": 90, "texture": "#0"}
			}
		},
		{
			"from": [8.375, 5, 10.375],
			"to": [9.375, 5.75, 11.375],
			"rotation": {"angle": 0, "axis": "y", "origin": [8.875, 4.125, 8]},
			"faces": {
				"north": {"uv": [0, 0, 1, 0.75], "texture": "#0"},
				"east": {"uv": [0, 0, 1, 0.75], "texture": "#0"},
				"south": {"uv": [0, 0, 1, 0.75], "texture": "#0"},
				"west": {"uv": [0, 0, 1, 0.75], "texture": "#0"},
				"up": {"uv": [0, 0, 1, 1], "rotation": 270, "texture": "#0"},
				"down": {"uv": [0, 0, 1, 1], "rotation": 90, "texture": "#0"}
			}
		},
		{
			"from": [8.125, 4, 8.375],
			"to": [9.625, 5.25, 9.375],
			"rotation": {"angle": 0, "axis": "y", "origin": [8.875, 5.125, 10]},
			"faces": {
				"north": {"uv": [0, 0, 1.5, 1.25], "texture": "#2"},
				"east": {"uv": [0, 0, 1, 1.25], "texture": "#2"},
				"south": {"uv": [0, 0, 1.5, 1.25], "texture": "#2"},
				"west": {"uv": [0, 0, 1, 1.25], "texture": "#2"},
				"up": {"uv": [0, 0, 1, 1.5], "rotation": 270, "texture": "#2"},
				"down": {"uv": [0, 0, 1, 1.5], "rotation": 90, "texture": "#2"}
			}
		}
	],
	"display": {
		"thirdperson_righthand": {
			"rotation": [90, 0, 0],
			"translation": [0.25, 1.5, 2],
			"scale": [0.75, 0.75, 0.75]
		},
		"thirdperson_lefthand": {
			"rotation": [90, 0, 0],
			"translation": [1.25, 1.5, 2],
			"scale": [0.75, 0.75, 0.75]
		},
		"firstperson_righthand": {
			"rotation": [0, -25, 0],
			"translation": [3, 4.5, 0]
		},
		"firstperson_lefthand": {
			"rotation": [0, -25, 0],
			"translation": [5.5, 4, 0]
		},
		"ground": {
			"translation": [0, 1.25, 0]
		},
		"gui": {
			"rotation": [0, -90, 0],
			"translation": [0.25, 5.5, 0],
			"scale": [1.5, 1.5, 1.5]
		},
		"fixed": {
			"rotation": [0, 90, 0],
			"translation": [0, 7.25, 0],
			"scale": [2, 2, 2]
		}
	},
	"groups": [
		{
			"name": "group",
			"origin": [8, 8, 8],
			"children": [0, 1, 2, 3, 4, 5, 6]
		},
		{
			"name": "Difficulty",
			"origin": [8.875, 5.125, 10],
			"children": [7]
		}
	]
}