{
	"credit": "Made with Blockbench",
	"textures": {
		"texture": "item/iron_key"
	},
	"elements": [
		{
			"from": [7.5, 6, 9],
			"to": [8.5, 13.5, 10],
			"faces": {
				"north": {"uv": [1.25, 1, 2.25, 2.5], "texture": "#texture"},
				"east": {"uv": [1, 1, 1.75, 2.25], "texture": "#texture"},
				"south": {"uv": [0.5, 1, 1.5, 2.25], "texture": "#texture"},
				"west": {"uv": [0.75, 0.75, 1.75, 1.75], "texture": "#texture"},
				"up": {"uv": [0.75, 1, 1.75, 2], "rotation": 180, "texture": "#texture"},
				"down": {"uv": [1.75, 2, 0.75, 1], "rotation": 180, "texture": "#texture"}
			}
		},
		{
			"from": [7.5, 13.5, 8],
			"to": [8.5, 15.5, 8.5],
			"faces": {
				"north": {"uv": [1, 0.25, 2, 2.25], "texture": "#texture"},
				"east": {"uv": [1.25, 0.5, 1.75, 2.5], "texture": "#texture"},
				"south": {"uv": [1, 0.5, 2, 2.5], "texture": "#texture"},
				"west": {"uv": [0.75, 0.5, 1.25, 2.5], "texture": "#texture"},
				"up": {"uv": [1, 1.25, 2, 1.75], "rotation": 180, "texture": "#texture"},
				"down": {"uv": [1.75, 1.75, 0.75, 1.25], "rotation": 180, "texture": "#texture"}
			}
		},
		{
			"from": [7.5, 15, 7],
			"to": [8.5, 16, 8],
			"faces": {
				"north": {"uv": [1.5, 1.25, 2.5, 2.25], "texture": "#texture"},
				"east": {"uv": [1, 1, 2, 2], "texture": "#texture"},
				"south": {"uv": [1, 1.25, 2, 2.25], "texture": "#texture"},
				"west": {"uv": [1.5, 0.75, 2.5, 1.75], "texture": "#texture"},
				"up": {"uv": [1.25, 1.25, 2.25, 2.25], "rotation": 180, "texture": "#texture"},
				"down": {"uv": [2, 2.25, 1, 1.25], "rotation": 180, "texture": "#texture"}
			}
		},
		{
			"from": [7.5, 13, 7],
			"to": [8.5, 14, 8],
			"faces": {
				"north": {"uv": [1.25, 1.25, 2.25, 2.25], "texture": "#texture"},
				"east": {"uv": [0.75, 0.5, 1.75, 1.5], "texture": "#texture"},
				"south": {"uv": [0.25, 1, 1.25, 2], "texture": "#texture"},
				"west": {"uv": [0.5, 1, 1.5, 2], "texture": "#texture"},
				"up": {"uv": [0.75, 1, 1.75, 2], "rotation": 180, "texture": "#texture"},
				"down": {"uv": [2, 1.75, 1, 0.75], "rotation": 180, "texture": "#texture"}
			}
		},
		{
			"from": [7.5, 4, 8.5],
			"to": [8.5, 12.5, 9],
			"faces": {
				"north": {"uv": [1, 1, 2.5, 2.5], "texture": "#texture"},
				"east": {"uv": [1, 1, 1.75, 2.25], "texture": "#texture"},
				"south": {"uv": [1, 0.75, 2, 2.25], "texture": "#texture"},
				"west": {"uv": [1, 0.25, 2.5, 2.75], "texture": "#texture"},
				"up": {"uv": [1.25, 1.5, 2.25, 2], "rotation": 180, "texture": "#texture"}
			}
		},
		{
			"from": [7.5, 4, 9.5],
			"to": [8.5, 6, 10],
			"faces": {
				"north": {"uv": [0.75, 0.5, 1.75, 2.5], "texture": "#texture"},
				"east": {"uv": [1.25, 0.5, 1.75, 2.5], "texture": "#texture"},
				"south": {"uv": [0.75, 0.5, 1.75, 2.5], "texture": "#texture"},
				"west": {"uv": [1.25, 0.25, 1.75, 2.25], "texture": "#texture"}
			}
		},
		{
			"from": [7.5, 5, 9],
			"to": [8.5, 5.5, 9.5],
			"faces": {
				"east": {"uv": [1.75, 1.25, 2.25, 1.75], "texture": "#texture"},
				"west": {"uv": [1.25, 1.5, 1.75, 2], "texture": "#texture"},
				"up": {"uv": [1, 1.25, 2, 1.75], "rotation": 180, "texture": "#texture"},
				"down": {"uv": [1.75, 1.75, 0.75, 1.25], "rotation": 180, "texture": "#texture"}
			}
		},
		{
			"from": [7.5, 4, 9],
			"to": [8.5, 4.5, 9.5],
			"faces": {
				"east": {"uv": [0.25, 1.25, 0.75, 1.75], "texture": "#texture"},
				"west": {"uv": [1, 1.75, 1.5, 2.25], "texture": "#texture"},
				"up": {"uv": [1, 0.75, 2, 1.25], "rotation": 180, "texture": "#texture"}
			}
		},
		{
			"from": [7.5, 15.5, 8.5],
			"to": [8.5, 16, 9.5],
			"faces": {
				"north": {"uv": [0.75, 0.75, 1.75, 1.25], "texture": "#texture"},
				"east": {"uv": [0.75, 1.25, 1.75, 1.75], "texture": "#texture"},
				"west": {"uv": [0.75, 1, 1.75, 1.5], "texture": "#texture"},
				"up": {"uv": [1.5, 1, 2.5, 2], "rotation": 180, "texture": "#texture"},
				"down": {"uv": [2.25, 2.5, 1.25, 1.5], "rotation": 180, "texture": "#texture"}
			}
		},
		{
			"from": [7.5, 13.5, 9],
			"to": [8.5, 14.5, 9.5],
			"faces": {
				"north": {"uv": [1, 1, 2, 2], "texture": "#texture"},
				"east": {"uv": [1, 1, 1.5, 2], "texture": "#texture"},
				"west": {"uv": [1, 0.75, 1.5, 1.75], "texture": "#texture"},
				"up": {"uv": [1.5, 1.75, 2.5, 2.25], "rotation": 180, "texture": "#texture"}
			}
		},
		{
			"from": [7.5, 15, 9],
			"to": [8.5, 15.5, 9.5],
			"faces": {
				"north": {"uv": [0.25, 0.75, 1.25, 1.25], "texture": "#texture"},
				"east": {"uv": [1.5, 1, 2, 1.5], "texture": "#texture"},
				"west": {"uv": [1.5, 0.25, 2, 0.75], "texture": "#texture"},
				"down": {"uv": [2.25, 1.75, 1.25, 1.25], "rotation": 180, "texture": "#texture"}
			}
		},
		{
			"from": [7.5, 13.5, 8.5],
			"to": [8.5, 14, 9],
			"faces": {
				"east": {"uv": [0.25, 1.5, 0.75, 2], "texture": "#texture"},
				"west": {"uv": [1, 1.25, 1.5, 1.75], "texture": "#texture"},
				"up": {"uv": [1, 2, 2, 2.5], "rotation": 180, "texture": "#texture"},
				"down": {"uv": [2.25, 2, 1.25, 1.5], "rotation": 180, "texture": "#texture"}
			}
		},
		{
			"from": [7.5, 14.5, 8.5],
			"to": [8.5, 15, 9],
			"faces": {
				"east": {"uv": [0.75, 1, 1.25, 1.5], "texture": "#texture"},
				"south": {"uv": [0.5, 1.25, 1.5, 1.75], "texture": "#texture"},
				"west": {"uv": [1.5, 1.25, 2, 1.75], "texture": "#texture"},
				"up": {"uv": [0.75, 1.25, 1.75, 1.75], "rotation": 180, "texture": "#texture"},
				"down": {"uv": [1.5, 1.75, 0.5, 1.25], "rotation": 180, "texture": "#texture"}
			}
		},
		{
			"from": [7.5, 13.5, 9.5],
			"to": [8.5, 16.5, 10],
			"faces": {
				"north": {"uv": [1, 0.25, 2, 2.75], "texture": "#texture"},
				"east": {"uv": [1.75, 0.25, 2.25, 2.75], "texture": "#texture"},
				"south": {"uv": [1, 0.25, 2, 2.75], "texture": "#texture"},
				"west": {"uv": [0.75, 0.25, 1.25, 2.75], "texture": "#texture"},
				"up": {"uv": [1.5, 1.25, 2.5, 1.75], "rotation": 180, "texture": "#texture"}
			}
		},
		{
			"from": [7.25, 3.5, 7],
			"to": [8.75, 4, 11.5],
			"faces": {
				"north": {"uv": [4.25, 1.25, 5.75, 1.75], "texture": "#texture"},
				"east": {"uv": [3.5, 1.25, 5.25, 1.75], "texture": "#texture"},
				"south": {"uv": [3.25, 1.25, 4.75, 1.75], "texture": "#texture"},
				"west": {"uv": [3.75, 1, 5.25, 1.75], "texture": "#texture"},
				"up": {"uv": [3.5, 0.75, 5, 2.5], "rotation": 180, "texture": "#texture"},
				"down": {"uv": [5.75, 2, 3.75, 0.75], "rotation": 180, "texture": "#texture"}
			}
		},
		{
			"from": [7.25, 0.5, 11],
			"to": [8.75, 3.5, 11.5],
			"faces": {
				"north": {"uv": [4, 0.5, 5.5, 2.25], "texture": "#texture"},
				"east": {"uv": [4.25, 1, 4.75, 2.5], "texture": "#texture"},
				"south": {"uv": [3.5, 1, 5, 2.5], "texture": "#texture"},
				"west": {"uv": [4, 1.25, 4.5, 2.5], "texture": "#texture"},
				"down": {"uv": [5.5, 1.5, 4, 1], "rotation": 180, "texture": "#texture"}
			}
		},
		{
			"from": [7.25, 0.5, 7],
			"to": [8.75, 3.5, 7.5],
			"faces": {
				"north": {"uv": [3.75, 0.5, 5.25, 2.25], "texture": "#texture"},
				"east": {"uv": [4.5, 1, 5, 2.5], "texture": "#texture"},
				"south": {"uv": [3.75, 1, 5.25, 2.25], "texture": "#texture"},
				"west": {"uv": [4.25, 1, 4.75, 2.5], "texture": "#texture"},
				"down": {"uv": [4.75, 2, 3.25, 1.5], "rotation": 180, "texture": "#texture"}
			}
		},
		{
			"from": [7.25, 0, 7.5],
			"to": [8.75, 0.5, 11],
			"faces": {
				"north": {"uv": [3.75, 1.75, 5.25, 2.25], "texture": "#texture"},
				"east": {"uv": [4, 1.75, 5.5, 2.75], "texture": "#texture"},
				"south": {"uv": [3.75, 1.25, 5.25, 1.75], "texture": "#texture"},
				"west": {"uv": [3.75, 1.25, 5.25, 2.25], "texture": "#texture"},
				"up": {"uv": [4, 0.75, 5.75, 2.5], "rotation": 180, "texture": "#texture"},
				"down": {"uv": [5.5, 2, 3.75, 1], "rotation": 180, "texture": "#texture"}
			}
		},
		{
			"from": [7.5, 0.5, 8.75],
			"to": [8.5, 3.5, 9.75],
			"faces": {
				"north": {"uv": [7, 0.5, 8, 2], "texture": "#texture"},
				"east": {"uv": [6.75, 1, 7.75, 2.75], "texture": "#texture"},
				"south": {"uv": [7, 0.5, 8, 2.25], "texture": "#texture"},
				"west": {"uv": [7, 0.75, 7.75, 2], "texture": "#texture"}
			}
		},
		{
			"from": [8, -1.25, 9.75],
			"to": [8.0625, 0, 10.75],
			"rotation": {"angle": -22.5, "axis": "x", "origin": [8, 0, 9.75]},
			"faces": {
				"east": {"uv": [13.25, 0.25, 15.75, 3.75], "texture": "#texture"},
				"west": {"uv": [13.25, 0.25, 15.75, 3.75], "texture": "#texture"}
			}
		},
		{
			"from": [7.5, -2, 10.6875],
			"to": [8.5, -0.75, 10.75],
			"rotation": {"angle": 22.5, "axis": "z", "origin": [7.5, -0.75, 10.6875]},
			"faces": {
				"north": {"uv": [13, 0, 16, 4], "texture": "#texture"},
				"east": {"uv": [13.25, 0.25, 13.5, 3.75], "texture": "#texture"},
				"south": {"uv": [13.25, 0.25, 15.75, 3.75], "texture": "#texture"},
				"west": {"uv": [13.25, 0.25, 13.5, 3.75], "texture": "#texture"}
			}
		},
		{
			"from": [8.5, -2.75, 10.25],
			"to": [8.5625, -1.5, 11.25],
			"rotation": {"angle": -22.5, "axis": "x", "origin": [8.5, -1.5, 10.25]},
			"faces": {
				"east": {"uv": [13.25, 0.25, 15.75, 3.75], "texture": "#texture"},
				"west": {"uv": [13, 0, 16, 4], "texture": "#texture"}
			}
		},
		{
			"from": [8, -3.75, 11.75],
			"to": [9.5, -2.25, 11.8125],
			"rotation": {"angle": 45, "axis": "y", "origin": [8, -3.75, 11.75]},
			"faces": {
				"north": {"uv": [11, 11, 16, 16], "texture": "#texture"},
				"east": {"uv": [9.5, 6.25, 11.25, 9], "texture": "#texture"},
				"south": {"uv": [11, 11, 16, 16], "texture": "#texture"},
				"west": {"uv": [9.5, 7.25, 11.25, 9.75], "texture": "#texture"}
			}
		}
	],
	"display": {
		"thirdperson_righthand": {
			"translation": [0, 5, 0]
		},
		"thirdperson_lefthand": {
			"translation": [0, 5, 0]
		},
		"firstperson_righthand": {
			"rotation": [-25, 32.25, 0],
			"translation": [1.75, 4.25, -1.25]
		},
		"firstperson_lefthand": {
			"rotation": [-25, 32.5, 0],
			"translation": [1.75, 4.25, -1.25]
		},
		"ground": {
			"rotation": [-68, 0, 0]
		},
		"gui": {
			"rotation": [-136, 142, -41],
			"translation": [-1.5, 0.75, 0],
			"scale": [1, 0.9, 0.9]
		},
		"head": {
			"rotation": [-38, 0, 0],
			"translation": [0, 6, -8]
		},
		"fixed": {
			"rotation": [77, 143, 99],
			"translation": [0, -1, 0]
		}
	}
}