{
	"credit": "Made with Blockbench",
	"texture_size": [8, 8],
	"textures": {
		"3": "item/sk_shovel"
	},
	"elements": [
		{
			"from": [7.25, 3.25, 7.5],
			"to": [8.75, 3.75, 8.5],
			"rotation": {"angle": 0, "axis": "y", "origin": [15.5, 11, 15.5]},
			"faces": {
				"north": {"uv": [0, 7.5, 1.5, 8], "texture": "#3"},
				"east": {"uv": [1.5, 14, 2.5, 14.5], "texture": "#3"},
				"south": {"uv": [1.5, 14, 3, 14.5], "texture": "#3"},
				"west": {"uv": [1.5, 13, 2.5, 13.5], "texture": "#3"},
				"up": {"uv": [0, 14, 1.5, 15], "texture": "#3"},
				"down": {"uv": [2, 13.5, 3.5, 14.5], "texture": "#3"}
			}
		},
		{
			"from": [9.75, -2.75, 7.75],
			"to": [10.25, 0, 8.25],
			"rotation": {"angle": -22.5, "axis": "z", "origin": [17.5, 7.75, 15.5]},
			"faces": {
				"north": {"uv": [0, 13, 0.5, 15.5], "texture": "#3"},
				"east": {"uv": [2.5, 12.5, 3, 15.5], "texture": "#3"},
				"south": {"uv": [0, 12.5, 0.5, 15.5], "texture": "#3"},
				"west": {"uv": [3, 12.5, 3.5, 15.5], "texture": "#3"},
				"up": {"uv": [0, 0, 0.5, 0.5], "texture": "#3"},
				"down": {"uv": [0, 0, 0.5, 0.5], "texture": "#3"}
			}
		},
		{
			"from": [4.75, 3, 7.75],
			"to": [5.25, 5.75, 8.25],
			"rotation": {"angle": 22.5, "axis": "z", "origin": [12.5, 13, 15.5]},
			"faces": {
				"north": {"uv": [0, 13, 0.5, 15.5], "texture": "#3"},
				"east": {"uv": [2.5, 12.5, 3, 15.5], "texture": "#3"},
				"south": {"uv": [0, 12.5, 0.5, 15.5], "texture": "#3"},
				"west": {"uv": [3, 12.5, 3.5, 15.5], "texture": "#3"},
				"up": {"uv": [0, 0, 0.5, 0.5], "texture": "#3"},
				"down": {"uv": [0, 0, 0.5, 0.5], "texture": "#3"}
			}
		},
		{
			"from": [7.25, 0.5, 7.25],
			"to": [8.75, 1.5, 8.75],
			"rotation": {"angle": 0, "axis": "y", "origin": [15.5, 8.25, 15.5]},
			"faces": {
				"north": {"uv": [14, 0, 15.5, 1], "texture": "#3"},
				"east": {"uv": [13, 1, 14.5, 2], "texture": "#3"},
				"south": {"uv": [14.5, 0, 16, 1], "texture": "#3"},
				"west": {"uv": [14.5, 1, 16, 2], "texture": "#3"},
				"up": {"uv": [14.5, 0, 16, 1.5], "texture": "#3"},
				"down": {"uv": [13, 0, 14.5, 1.5], "texture": "#3"}
			}
		},
		{
			"from": [6.25, 0.75, 7.5],
			"to": [9.75, 1.25, 8.5],
			"rotation": {"angle": 0, "axis": "y", "origin": [15.5, 8.25, 15.5]},
			"faces": {
				"north": {"uv": [0, 15.5, 3.5, 16], "texture": "#3"},
				"east": {"uv": [2, 15, 3, 15.5], "texture": "#3"},
				"south": {"uv": [0, 15.5, 3.5, 16], "texture": "#3"},
				"west": {"uv": [4.5, 15, 5.5, 15.5], "texture": "#3"},
				"up": {"uv": [0, 15, 3.5, 16], "texture": "#3"},
				"down": {"uv": [0, 15, 3.5, 16], "texture": "#3"}
			}
		},
		{
			"from": [6.75, 8.5, 7.25],
			"to": [9.25, 9, 8.75],
			"rotation": {"angle": 0, "axis": "y", "origin": [15.5, 16.25, 15.5]},
			"faces": {
				"north": {"uv": [6, 11.5, 8.5, 12], "texture": "#3"},
				"east": {"uv": [8, 12, 9.5, 12.5], "texture": "#3"},
				"south": {"uv": [8.5, 11.5, 11, 12], "texture": "#3"},
				"west": {"uv": [7.5, 11.5, 9, 12], "texture": "#3"},
				"up": {"uv": [6, 10, 8.5, 11.5], "texture": "#3"},
				"down": {"uv": [8.5, 10, 11, 11.5], "texture": "#3"}
			}
		},
		{
			"from": [1.25, 12.25, 7.5],
			"to": [3, 12.75, 8.5],
			"rotation": {"angle": 45, "axis": "z", "origin": [9.75, 20, 15.5]},
			"faces": {
				"north": {"uv": [6, 11.5, 8, 12], "texture": "#3"},
				"east": {"uv": [8, 12, 9.5, 12.5], "texture": "#3"},
				"south": {"uv": [8.5, 11.5, 11, 12], "texture": "#3"},
				"west": {"uv": [7.5, 11.5, 9, 12], "texture": "#3"},
				"up": {"uv": [6, 10, 8.5, 11.5], "texture": "#3"},
				"down": {"uv": [8.5, 10, 11, 11.5], "texture": "#3"}
			}
		},
		{
			"from": [8.5, 1.5, 7.5],
			"to": [10.25, 2, 8.5],
			"rotation": {"angle": -45, "axis": "z", "origin": [17, 9.25, 15.5]},
			"faces": {
				"north": {"uv": [6, 11.5, 8, 12], "texture": "#3"},
				"east": {"uv": [8, 12, 9.5, 12.5], "texture": "#3"},
				"south": {"uv": [8.5, 11.5, 11, 12], "texture": "#3"},
				"west": {"uv": [7.5, 11.5, 9, 12], "texture": "#3"},
				"up": {"uv": [6, 10, 8.5, 11.5], "texture": "#3"},
				"down": {"uv": [8.5, 10, 11, 11.5], "texture": "#3"}
			}
		},
		{
			"from": [8.25, 13.25, 7.75],
			"to": [8.75, 14.5, 8.25],
			"rotation": {"angle": 22.5, "axis": "z", "origin": [16, 5, 15.5]},
			"faces": {
				"north": {"uv": [6, 11.5, 8.5, 12], "rotation": 270, "texture": "#3"},
				"east": {"uv": [6, 10, 7.5, 10.5], "rotation": 90, "texture": "#3"},
				"south": {"uv": [8.5, 11.5, 11, 12], "rotation": 90, "texture": "#3"},
				"west": {"uv": [8.5, 10, 10, 10.5], "rotation": 90, "texture": "#3"},
				"up": {"uv": [6, 10, 8.5, 11.5], "rotation": 90, "texture": "#3"},
				"down": {"uv": [6, 10, 8.5, 11.5], "rotation": 90, "texture": "#3"}
			}
		},
		{
			"from": [6, 7.25, 7.75],
			"to": [6.5, 8.75, 8.25],
			"rotation": {"angle": -22.5, "axis": "z", "origin": [13.75, -0.75, 15.5]},
			"faces": {
				"north": {"uv": [6, 11.5, 8.5, 12], "rotation": 270, "texture": "#3"},
				"east": {"uv": [8.5, 10, 10, 10.5], "rotation": 90, "texture": "#3"},
				"south": {"uv": [8.5, 11.5, 11, 12], "rotation": 90, "texture": "#3"},
				"west": {"uv": [6, 10, 7.5, 10.5], "rotation": 90, "texture": "#3"},
				"up": {"uv": [6, 10, 7, 11], "rotation": 90, "texture": "#3"},
				"down": {"uv": [6, 10, 7, 11], "rotation": 90, "texture": "#3"}
			}
		},
		{
			"from": [7.25, 18, 7.5],
			"to": [8.75, 19.25, 8.5],
			"rotation": {"angle": 0, "axis": "y", "origin": [15.5, 25.5, 15.5]},
			"faces": {
				"north": {"uv": [8.5, 6, 10, 7.5], "texture": "#3"},
				"east": {"uv": [8, 6, 9, 7.5], "texture": "#3"},
				"south": {"uv": [7.5, 5, 9, 6.5], "texture": "#3"},
				"west": {"uv": [7, 6, 8, 7.5], "texture": "#3"},
				"up": {"uv": [6, 5, 7.5, 6], "texture": "#3"},
				"down": {"uv": [8.5, 7, 10, 8], "texture": "#3"}
			}
		},
		{
			"from": [7.5, 19.25, 7.5],
			"to": [8.5, 20.25, 8.5],
			"rotation": {"angle": 0, "axis": "y", "origin": [15.5, 27, 15.5]},
			"faces": {
				"north": {"uv": [7, 6.5, 8, 7.5], "texture": "#3"},
				"east": {"uv": [7.5, 6.5, 8.5, 7.5], "texture": "#3"},
				"south": {"uv": [7, 7, 8, 8], "texture": "#3"},
				"west": {"uv": [8, 7, 9, 8], "texture": "#3"},
				"up": {"uv": [7.5, 6.5, 8.5, 7.5], "texture": "#3"},
				"down": {"uv": [7.5, 6.5, 8.5, 7.5], "texture": "#3"}
			}
		},
		{
			"from": [5.5, 20.25, 7.5],
			"to": [10.5, 20.75, 8.5],
			"rotation": {"angle": 0, "axis": "y", "origin": [15.5, 28, 15.5]},
			"faces": {
				"north": {"uv": [6, 0, 6.5, 7], "rotation": 90, "texture": "#3"},
				"east": {"uv": [6, 0, 7, 0.5], "texture": "#3"},
				"south": {"uv": [6, 0, 6.5, 6.5], "rotation": 90, "texture": "#3"},
				"west": {"uv": [6, 0, 7, 0.5], "texture": "#3"},
				"up": {"uv": [6, 6.5, 11, 7.5], "texture": "#3"},
				"down": {"uv": [6, 3.5, 7, 8], "rotation": 90, "texture": "#3"}
			}
		},
		{
			"from": [10.45, 19.2, 7.2],
			"to": [11.55, 23.8, 8.8],
			"rotation": {"angle": 0, "axis": "y", "origin": [20.5, 28, 15.5]},
			"faces": {
				"north": {"uv": [8, 3.5, 9, 8], "texture": "#3"},
				"east": {"uv": [14, 0, 15.5, 4.5], "texture": "#3"},
				"south": {"uv": [9, 3.5, 10, 8], "texture": "#3"},
				"west": {"uv": [8, 1.5, 9.5, 6], "texture": "#3"},
				"up": {"uv": [6, 0, 7, 1.5], "texture": "#3"},
				"down": {"uv": [8, 0, 9, 1.5], "texture": "#3"}
			}
		},
		{
			"from": [4.45, 19.2, 7.2],
			"to": [5.55, 23.8, 8.8],
			"rotation": {"angle": 0, "axis": "y", "origin": [14.5, 28, 15.5]},
			"faces": {
				"north": {"uv": [9, 3.5, 10, 8], "texture": "#3"},
				"east": {"uv": [8, 0, 9.5, 4.5], "texture": "#3"},
				"south": {"uv": [8, 3.5, 9, 8], "texture": "#3"},
				"west": {"uv": [8, 3, 9.5, 7.5], "texture": "#3"},
				"up": {"uv": [6, 0, 7, 1.5], "texture": "#3"},
				"down": {"uv": [8, 0, 9, 1.5], "texture": "#3"}
			}
		},
		{
			"from": [5.5, 20.75, 7.75],
			"to": [10.5, 24.5, 8.25],
			"rotation": {"angle": 0, "axis": "y", "origin": [15.5, 28.5, 15.5]},
			"faces": {
				"north": {"uv": [11, 0, 16, 4], "texture": "#3"},
				"east": {"uv": [0, 0, 0.5, 3.75], "texture": "#3"},
				"south": {"uv": [11, 0, 16, 4], "texture": "#3"},
				"west": {"uv": [0, 0, 0.5, 3.75], "texture": "#3"},
				"up": {"uv": [0, 0, 5, 0.5], "texture": "#3"},
				"down": {"uv": [0, 0, 5, 0.5], "texture": "#3"}
			}
		},
		{
			"from": [6.5, 20.75, 7.5],
			"to": [9.25, 22.25, 8.5],
			"rotation": {"angle": 0, "axis": "y", "origin": [15.5, 28.5, 15.5]},
			"faces": {
				"north": {"uv": [6.5, 6.5, 9.5, 8], "texture": "#3"},
				"east": {"uv": [6.5, 6, 7.5, 7.5], "texture": "#3"},
				"south": {"uv": [7, 6, 10, 7.5], "texture": "#3"},
				"west": {"uv": [7, 6.5, 8, 8], "texture": "#3"},
				"up": {"uv": [7.5, 8, 10.5, 9], "texture": "#3"},
				"down": {"uv": [7.5, 8, 10.5, 9], "texture": "#3"}
			}
		},
		{
			"from": [7, 22.25, 7.5],
			"to": [8.75, 23.25, 8.5],
			"rotation": {"angle": 0, "axis": "y", "origin": [15.5, 30, 15.5]},
			"faces": {
				"north": {"uv": [7, 5.5, 9, 6.5], "texture": "#3"},
				"east": {"uv": [6, 8, 7, 9], "texture": "#3"},
				"south": {"uv": [7.5, 5.5, 9.5, 6.5], "texture": "#3"},
				"west": {"uv": [7, 7, 8, 8], "texture": "#3"},
				"up": {"uv": [9, 8, 11, 9], "texture": "#3"},
				"down": {"uv": [9, 8, 11, 9], "texture": "#3"}
			}
		},
		{
			"from": [6.75, 24.5, 7.75],
			"to": [9.25, 25.75, 8.25],
			"rotation": {"angle": 0, "axis": "y", "origin": [7.875, 25.125, 8]},
			"faces": {
				"north": {"uv": [11, 0, 16, 2], "texture": "#3"},
				"east": {"uv": [6, 6, 8, 8], "texture": "#3"},
				"south": {"uv": [12, 0, 16, 2], "texture": "#3"},
				"west": {"uv": [6, 0, 8, 2], "texture": "#3"},
				"up": {"uv": [6, 6, 0, 4], "texture": "#3"},
				"down": {"uv": [6, 6, 0, 8], "texture": "#3"}
			}
		},
		{
			"from": [7.325, 26.2, 7.2],
			"to": [8.425, 27.3, 8.8],
			"rotation": {"angle": 45, "axis": "z", "origin": [8, 26.875, 8]},
			"faces": {
				"north": {"uv": [6, 0, 7, 1], "rotation": 90, "texture": "#3"},
				"east": {"uv": [8, 5.5, 9.5, 6.5], "texture": "#3"},
				"south": {"uv": [6, 0, 7, 1], "rotation": 180, "texture": "#3"},
				"west": {"uv": [10.5, 0, 12, 1], "texture": "#3"},
				"up": {"uv": [9, 0, 10, 1.5], "texture": "#3"},
				"down": {"uv": [8.5, 1.5, 9.5, 3], "texture": "#3"}
			}
		},
		{
			"from": [6, 22.75, 7.25],
			"to": [7, 26.75, 8.75],
			"rotation": {"angle": -45, "axis": "z", "origin": [6.5, 25, 8]},
			"faces": {
				"north": {"uv": [9, 0, 10, 4], "texture": "#3"},
				"east": {"uv": [8, 0, 9.5, 4], "texture": "#3"},
				"south": {"uv": [8, 0, 9, 4], "texture": "#3"},
				"west": {"uv": [8, 0, 9.5, 4], "texture": "#3"},
				"up": {"uv": [0, 0, 1, 1.5], "texture": "#3"},
				"down": {"uv": [0, 0, 1, 1.5], "texture": "#3"}
			}
		},
		{
			"from": [9, 22.75, 7.25],
			"to": [10, 26.75, 8.75],
			"rotation": {"angle": 45, "axis": "z", "origin": [9.5, 25, 8]},
			"faces": {
				"north": {"uv": [8, 0, 9, 4], "texture": "#3"},
				"east": {"uv": [7.5, 4, 9, 8], "texture": "#3"},
				"south": {"uv": [9, 0, 10, 4], "texture": "#3"},
				"west": {"uv": [8, 0, 9.5, 4], "texture": "#3"},
				"up": {"uv": [0, 0, 1, 1.5], "texture": "#3"},
				"down": {"uv": [0, 0, 1, 1.5], "texture": "#3"}
			}
		},
		{
			"from": [7.625, 3.75, 7.625],
			"to": [8.375, 18.75, 8.375],
			"rotation": {"angle": 0, "axis": "y", "origin": [15.375, 19.25, 15.375]},
			"faces": {
				"north": {"uv": [0, 0, 1.5, 16], "texture": "#3"},
				"east": {"uv": [4.5, 0, 6, 16], "texture": "#3"},
				"south": {"uv": [1.5, 0, 3, 16], "texture": "#3"},
				"west": {"uv": [3, 0, 4.5, 16], "texture": "#3"},
				"up": {"uv": [0, 0, 1.5, 1.5], "texture": "#3"},
				"down": {"uv": [0, 0, 1.5, 1.5], "texture": "#3"}
			}
		}
	],
	"display": {
		"thirdperson_righthand": {
			"rotation": [0, -44, 0],
			"translation": [0, 0.25, 1],
			"scale": [1, 0.9, 1]
		},
		"thirdperson_lefthand": {
			"rotation": [0, -44, 0],
			"translation": [0, 0.25, 1],
			"scale": [1, 0.9, 1]
		},
		"firstperson_righthand": {
			"rotation": [-10.5, -45.5, 0],
			"translation": [1, -2.5, 0]
		},
		"firstperson_lefthand": {
			"rotation": [-10.5, -45.5, 0],
			"translation": [1, -2.5, 0]
		},
		"ground": {
			"rotation": [30, 16, 15],
			"translation": [0, 1.25, 0],
			"scale": [0.8, 0.8, 0.8]
		},
		"gui": {
			"rotation": [18.5, -0.25, 41.25],
			"translation": [2.5, -2.75, 0],
			"scale": [0.7, 0.7, 1]
		},
		"head": {
			"scale": [1.5, 1.5, 1.5]
		},
		"fixed": {
			"translation": [0, -4, 0],
			"scale": [0.7, 0.7, 0.8]
		}
	},
	"groups": [
		{
			"name": "pommel",
			"origin": [15.5, 8.25, 15.5],
			"children": [0, 1, 2, 3, 4]
		},
		{
			"name": "guard",
			"origin": [15.5, 16.25, 15.5],
			"children": [5, 6, 7, 8, 9]
		},
		{
			"name": "head",
			"origin": [8, 8, 8],
			"children": [10, 11, 12, 13, 14, 15, 16, 17, 18,
				{
					"name": "group",
					"origin": [7.875, 27.125, 8],
					"children": [19]
				},
				{
					"name": "curve",
					"origin": [14.5, 33, 15.5],
					"children": [20]
				},
				{
					"name": "curve2",
					"origin": [14.5, 33, 15.5],
					"children": [21]
				}
			]
		},
		{
			"name": "handle",
			"origin": [15.5, 19.25, 15.5],
			"children": [22]
		}
	]
}