{
	"credit": "Made with Blockbench",
	"textures": {
		"5": "item/tig_lightmetal"
	},
	"elements": [
		{
			"from": [7.575, 4.45, 7.575],
			"to": [8.425, 15.8, 8.425],
			"rotation": {"angle": 0, "axis": "y", "origin": [8, 7.66667, 8]},
			"faces": {
				"north": {"uv": [1, 6, 2, 16], "texture": "#5"},
				"east": {"uv": [3, 6, 4, 16], "texture": "#5"},
				"south": {"uv": [0, 6, 1, 16], "texture": "#5"},
				"west": {"uv": [2, 6, 3, 16], "texture": "#5"},
				"up": {"uv": [8, 7.5, 7, 6.5], "texture": "#5"},
				"down": {"uv": [3, 0, 2, 1], "texture": "#5"}
			}
		},
		{
			"from": [7.375, 8.75, 7.375],
			"to": [8.625, 9.5, 8.625],
			"rotation": {"angle": 0, "axis": "y", "origin": [8, 7.66667, 8]},
			"faces": {
				"north": {"uv": [3, 15, 4, 16], "texture": "#5"},
				"east": {"uv": [3, 15, 4, 16], "texture": "#5"},
				"south": {"uv": [3, 15, 4, 16], "texture": "#5"},
				"west": {"uv": [3, 15, 4, 16], "texture": "#5"},
				"up": {"uv": [4, 16, 3, 15], "texture": "#5"},
				"down": {"uv": [4, 15, 3, 16], "texture": "#5"}
			}
		},
		{
			"from": [7.375, 3.75, 7.375],
			"to": [8.625, 4.5, 8.625],
			"rotation": {"angle": 0, "axis": "y", "origin": [8, 7.66667, 8]},
			"faces": {
				"north": {"uv": [2.5, 15, 4, 15.5], "rotation": 180, "texture": "#5"},
				"east": {"uv": [3, 14.5, 4, 15.5], "rotation": 270, "texture": "#5"},
				"south": {"uv": [2.5, 15, 4, 15.5], "texture": "#5"},
				"west": {"uv": [3, 14.5, 4, 15.5], "rotation": 90, "texture": "#5"},
				"up": {"uv": [2.5, 14.5, 4, 15.5], "rotation": 180, "texture": "#5"},
				"down": {"uv": [2.5, 14.5, 4, 15.5], "texture": "#5"}
			}
		},
		{
			"from": [7.375, 14.75, 7.375],
			"to": [7.625, 16, 8.625],
			"rotation": {"angle": 0, "axis": "y", "origin": [8, 15.03048, 6.78191]},
			"faces": {
				"north": {"uv": [11, 0, 11.5, 2], "rotation": 180, "texture": "#5"},
				"east": {"uv": [11, 0, 13, 0.5], "rotation": 270, "texture": "#5"},
				"south": {"uv": [11, 0, 11.5, 2], "texture": "#5"},
				"west": {"uv": [11, 0, 13, 0.5], "rotation": 90, "texture": "#5"},
				"up": {"uv": [11.5, 0, 11.75, 1.25], "rotation": 180, "texture": "#5"},
				"down": {"uv": [11.5, 0, 11.75, 1.25], "texture": "#5"}
			}
		},
		{
			"from": [7.625, 14.75, 7.375],
			"to": [8.375, 16, 7.625],
			"rotation": {"angle": 0, "axis": "y", "origin": [8, 15.03048, 6.78191]},
			"faces": {
				"north": {"uv": [11, 0, 11.5, 2], "rotation": 180, "texture": "#5"},
				"east": {"uv": [11, 0, 13, 0.5], "rotation": 270, "texture": "#5"},
				"south": {"uv": [11, 0, 11.5, 2], "texture": "#5"},
				"west": {"uv": [11, 0, 13, 0.5], "rotation": 90, "texture": "#5"},
				"up": {"uv": [11.5, 0, 12.25, 0.25], "rotation": 180, "texture": "#5"},
				"down": {"uv": [11.5, 0, 12.25, 0.25], "texture": "#5"}
			}
		},
		{
			"from": [7.625, 14.75, 8.375],
			"to": [8.375, 16, 8.625],
			"rotation": {"angle": 0, "axis": "y", "origin": [8, 15.03048, 6.78191]},
			"faces": {
				"north": {"uv": [11, 0, 11.5, 2], "rotation": 180, "texture": "#5"},
				"east": {"uv": [11, 0, 13, 0.5], "rotation": 270, "texture": "#5"},
				"south": {"uv": [11, 0, 11.5, 2], "texture": "#5"},
				"west": {"uv": [11, 0, 13, 0.5], "rotation": 90, "texture": "#5"},
				"up": {"uv": [11.5, 0, 12.25, 0.25], "rotation": 180, "texture": "#5"},
				"down": {"uv": [11.5, 0, 12.25, 0.25], "texture": "#5"}
			}
		},
		{
			"from": [8.375, 14.75, 7.375],
			"to": [8.625, 16, 8.625],
			"rotation": {"angle": 0, "axis": "y", "origin": [8, 15.03048, 6.78191]},
			"faces": {
				"north": {"uv": [11, 0, 11.5, 2], "rotation": 180, "texture": "#5"},
				"east": {"uv": [11, 0, 13, 0.5], "rotation": 270, "texture": "#5"},
				"south": {"uv": [11, 0, 11.5, 2], "texture": "#5"},
				"west": {"uv": [11, 0, 13, 0.5], "rotation": 90, "texture": "#5"},
				"up": {"uv": [11.5, 0, 11.75, 1.25], "rotation": 180, "texture": "#5"},
				"down": {"uv": [11.5, 0, 11.75, 1.25], "texture": "#5"}
			}
		},
		{
			"from": [5.5, 15, 7.625],
			"to": [10.5, 15.75, 8.375],
			"rotation": {"angle": 0, "axis": "y", "origin": [7.875, 15.03048, 6.78191]},
			"faces": {
				"north": {"uv": [0, 7, 1, 11], "rotation": 180, "texture": "#5"},
				"east": {"uv": [0, 0, 0.75, 0.75], "rotation": 270, "texture": "#5"},
				"south": {"uv": [0, 7, 1, 11.5], "texture": "#5"},
				"west": {"uv": [0, 0, 0.75, 0.75], "rotation": 90, "texture": "#5"},
				"up": {"uv": [0, 7, 1, 11.5], "rotation": 180, "texture": "#5"},
				"down": {"uv": [0, 7, 1, 11.5], "texture": "#5"}
			}
		},
		{
			"from": [7.625, 15, 8.625],
			"to": [8.375, 15.75, 9.875],
			"rotation": {"angle": 0, "axis": "y", "origin": [8.62302, 15.28048, 6.57755]},
			"faces": {
				"north": {"uv": [0, 0, 0.75, 0.75], "rotation": 180, "texture": "#5"},
				"east": {"uv": [0, 0, 0.75, 1.25], "rotation": 270, "texture": "#5"},
				"south": {"uv": [0, 0, 0.75, 0.75], "texture": "#5"},
				"west": {"uv": [0, 0, 0.75, 1.25], "rotation": 90, "texture": "#5"},
				"up": {"uv": [0, 7.5, 1, 8.5], "rotation": 180, "texture": "#5"},
				"down": {"uv": [0, 0, 0.75, 1.25], "texture": "#5"}
			}
		},
		{
			"from": [4, 16, 7.4],
			"to": [4.25, 16.25, 8.65],
			"rotation": {"angle": 0, "axis": "y", "origin": [4.625, 15.28048, 6.80691]},
			"faces": {
				"north": {"uv": [11, 0, 11.5, 2], "rotation": 180, "texture": "#5"},
				"east": {"uv": [11, 0, 13, 0.5], "rotation": 270, "texture": "#5"},
				"south": {"uv": [11, 0, 11.5, 2], "texture": "#5"},
				"west": {"uv": [11, 0, 13, 0.5], "rotation": 90, "texture": "#5"},
				"up": {"uv": [11.5, 0, 11.75, 1.25], "rotation": 180, "texture": "#5"},
				"down": {"uv": [11.5, 0, 11.75, 1.25], "texture": "#5"}
			}
		},
		{
			"from": [4.25, 16, 8.65],
			"to": [5.5, 16.25, 8.9],
			"rotation": {"angle": 0, "axis": "y", "origin": [4.875, 15.28048, 7.05691]},
			"faces": {
				"north": {"uv": [11, 0, 11.5, 2], "rotation": 180, "texture": "#5"},
				"east": {"uv": [11, 0, 13, 0.5], "rotation": 270, "texture": "#5"},
				"south": {"uv": [11, 0, 11.5, 2], "texture": "#5"},
				"west": {"uv": [11, 0, 13, 0.5], "rotation": 90, "texture": "#5"},
				"up": {"uv": [11.5, 0, 12.75, 0.25], "rotation": 180, "texture": "#5"},
				"down": {"uv": [11.5, 0, 12.75, 0.25], "texture": "#5"}
			}
		},
		{
			"from": [4.25, 16, 7.15],
			"to": [5.5, 16.25, 7.4],
			"rotation": {"angle": 0, "axis": "y", "origin": [4.875, 15.28048, 5.55691]},
			"faces": {
				"north": {"uv": [11, 0, 11.5, 2], "rotation": 180, "texture": "#5"},
				"east": {"uv": [11, 0, 13, 0.5], "rotation": 270, "texture": "#5"},
				"south": {"uv": [11, 0, 11.5, 2], "texture": "#5"},
				"west": {"uv": [11, 0, 13, 0.5], "rotation": 90, "texture": "#5"},
				"up": {"uv": [11.5, 0, 12.75, 0.25], "rotation": 180, "texture": "#5"},
				"down": {"uv": [11.5, 0, 12.75, 0.25], "texture": "#5"}
			}
		},
		{
			"from": [4.25, 14.5, 7.15],
			"to": [5.5, 14.75, 7.4],
			"rotation": {"angle": 0, "axis": "y", "origin": [4.875, 13.78048, 5.55691]},
			"faces": {
				"north": {"uv": [11, 0, 11.5, 2], "rotation": 180, "texture": "#5"},
				"east": {"uv": [11, 0, 13, 0.5], "rotation": 270, "texture": "#5"},
				"south": {"uv": [11, 0, 11.5, 2], "texture": "#5"},
				"west": {"uv": [11, 0, 13, 0.5], "rotation": 90, "texture": "#5"},
				"up": {"uv": [11.5, 0, 12.75, 0.25], "rotation": 180, "texture": "#5"},
				"down": {"uv": [11.5, 0, 12.75, 0.25], "texture": "#5"}
			}
		},
		{
			"from": [4.25, 14.5, 8.65],
			"to": [5.5, 14.75, 8.9],
			"rotation": {"angle": 0, "axis": "y", "origin": [4.875, 13.78048, 7.05691]},
			"faces": {
				"north": {"uv": [11, 0, 11.5, 2], "rotation": 180, "texture": "#5"},
				"east": {"uv": [11, 0, 13, 0.5], "rotation": 270, "texture": "#5"},
				"south": {"uv": [11, 0, 11.5, 2], "texture": "#5"},
				"west": {"uv": [11, 0, 13, 0.5], "rotation": 90, "texture": "#5"},
				"up": {"uv": [11.5, 0, 12.75, 0.25], "rotation": 180, "texture": "#5"},
				"down": {"uv": [11.5, 0, 12.75, 0.25], "texture": "#5"}
			}
		},
		{
			"from": [4, 14.5, 8.65],
			"to": [4.25, 16.25, 8.9],
			"rotation": {"angle": 0, "axis": "y", "origin": [4.625, 15.28048, 7.05691]},
			"faces": {
				"north": {"uv": [11, 0, 11.5, 2], "rotation": 180, "texture": "#5"},
				"east": {"uv": [11, 0, 13, 0.5], "rotation": 270, "texture": "#5"},
				"south": {"uv": [11, 0, 11.5, 2], "texture": "#5"},
				"west": {"uv": [11, 0, 13, 0.5], "rotation": 90, "texture": "#5"},
				"up": {"uv": [11.5, 0, 11.75, 0.25], "rotation": 180, "texture": "#5"},
				"down": {"uv": [11.5, 0, 11.75, 0.25], "texture": "#5"}
			}
		},
		{
			"from": [4, 14.5, 7.4],
			"to": [4.25, 14.75, 8.65],
			"rotation": {"angle": 0, "axis": "y", "origin": [4.625, 13.78048, 6.80691]},
			"faces": {
				"north": {"uv": [11, 0, 11.5, 2], "rotation": 180, "texture": "#5"},
				"east": {"uv": [11, 0, 13, 0.5], "rotation": 270, "texture": "#5"},
				"south": {"uv": [11, 0, 11.5, 2], "texture": "#5"},
				"west": {"uv": [11, 0, 13, 0.5], "rotation": 90, "texture": "#5"},
				"up": {"uv": [11.5, 0, 11.75, 1.25], "rotation": 180, "texture": "#5"},
				"down": {"uv": [11.5, 0, 11.75, 1.25], "texture": "#5"}
			}
		},
		{
			"from": [4, 14.5, 7.15],
			"to": [4.25, 16.25, 7.4],
			"rotation": {"angle": 0, "axis": "y", "origin": [4.625, 15.28048, 5.55691]},
			"faces": {
				"north": {"uv": [11, 0, 11.5, 2], "rotation": 180, "texture": "#5"},
				"east": {"uv": [11, 0, 13, 0.5], "rotation": 270, "texture": "#5"},
				"south": {"uv": [11, 0, 11.5, 2], "texture": "#5"},
				"west": {"uv": [11, 0, 13, 0.5], "rotation": 90, "texture": "#5"},
				"up": {"uv": [11.5, 0, 11.75, 0.25], "rotation": 180, "texture": "#5"},
				"down": {"uv": [11.5, 0, 11.75, 0.25], "texture": "#5"}
			}
		},
		{
			"from": [5.5, 16, 7.4],
			"to": [5.75, 16.25, 8.65],
			"rotation": {"angle": 0, "axis": "y", "origin": [6.125, 15.28048, 6.80691]},
			"faces": {
				"north": {"uv": [11, 0, 11.5, 2], "rotation": 180, "texture": "#5"},
				"east": {"uv": [11, 0, 13, 0.5], "rotation": 270, "texture": "#5"},
				"south": {"uv": [11, 0, 11.5, 2], "texture": "#5"},
				"west": {"uv": [11, 0, 13, 0.5], "rotation": 90, "texture": "#5"},
				"up": {"uv": [11.5, 0, 11.75, 1.25], "rotation": 180, "texture": "#5"},
				"down": {"uv": [11.5, 0, 11.75, 1.25], "texture": "#5"}
			}
		},
		{
			"from": [5.5, 14.5, 8.65],
			"to": [5.75, 16.25, 8.9],
			"rotation": {"angle": 0, "axis": "y", "origin": [6.125, 15.28048, 7.05691]},
			"faces": {
				"north": {"uv": [11, 0, 11.5, 2], "rotation": 180, "texture": "#5"},
				"east": {"uv": [11, 0, 13, 0.5], "rotation": 270, "texture": "#5"},
				"south": {"uv": [11, 0, 11.5, 2], "texture": "#5"},
				"west": {"uv": [11, 0, 13, 0.5], "rotation": 90, "texture": "#5"},
				"up": {"uv": [11.5, 0, 11.75, 0.25], "rotation": 180, "texture": "#5"},
				"down": {"uv": [11.5, 0, 11.75, 0.25], "texture": "#5"}
			}
		},
		{
			"from": [5.5, 14.5, 7.4],
			"to": [5.75, 14.75, 8.65],
			"rotation": {"angle": 0, "axis": "y", "origin": [6.125, 13.78048, 6.80691]},
			"faces": {
				"north": {"uv": [11, 0, 11.5, 2], "rotation": 180, "texture": "#5"},
				"east": {"uv": [11, 0, 13, 0.5], "rotation": 270, "texture": "#5"},
				"south": {"uv": [11, 0, 11.5, 2], "texture": "#5"},
				"west": {"uv": [11, 0, 13, 0.5], "rotation": 90, "texture": "#5"},
				"up": {"uv": [11.5, 0, 11.75, 1.25], "rotation": 180, "texture": "#5"},
				"down": {"uv": [11.5, 0, 11.75, 1.25], "texture": "#5"}
			}
		},
		{
			"from": [5.5, 14.5, 7.15],
			"to": [5.75, 16.25, 7.4],
			"rotation": {"angle": 0, "axis": "y", "origin": [6.125, 15.28048, 5.55691]},
			"faces": {
				"north": {"uv": [11, 0, 11.5, 2], "rotation": 180, "texture": "#5"},
				"east": {"uv": [11, 0, 13, 0.5], "rotation": 270, "texture": "#5"},
				"south": {"uv": [11, 0, 11.5, 2], "texture": "#5"},
				"west": {"uv": [11, 0, 13, 0.5], "rotation": 90, "texture": "#5"},
				"up": {"uv": [11.5, 0, 11.75, 0.25], "rotation": 180, "texture": "#5"},
				"down": {"uv": [11.5, 0, 11.75, 0.25], "texture": "#5"}
			}
		},
		{
			"from": [4.25, 14.75, 5.65],
			"to": [5.5, 16, 8.65],
			"rotation": {"angle": 0, "axis": "y", "origin": [5.3, 15.375, 7.9]},
			"faces": {
				"north": {"uv": [3.5, 0, 5, 1.5], "rotation": 180, "texture": "#5"},
				"east": {"uv": [0.5, 1, 2, 4], "rotation": 90, "texture": "#5"},
				"south": {"uv": [0, 0, 1.25, 1.25], "rotation": 90, "texture": "#5"},
				"west": {"uv": [1, 1, 2.5, 4], "texture": "#5"},
				"up": {"uv": [2.5, 0, 4, 3], "rotation": 180, "texture": "#5"},
				"down": {"uv": [1, 1.5, 2.5, 4.5], "texture": "#5"}
			}
		},
		{
			"from": [4.5, 14.5, 4.65],
			"to": [5.25, 15.75, 5.65],
			"rotation": {"angle": 0, "axis": "y", "origin": [5.55, 15.125, 4.9]},
			"faces": {
				"north": {"uv": [0, 0, 0.75, 1.25], "rotation": 180, "texture": "#5"},
				"east": {"uv": [0.5, 0, 2, 1], "rotation": 90, "texture": "#5"},
				"south": {"uv": [0, 0, 0.75, 1.25], "texture": "#5"},
				"west": {"uv": [0, 0, 1.25, 1], "rotation": 90, "texture": "#5"},
				"up": {"uv": [0, 0, 0.75, 1], "rotation": 180, "texture": "#5"},
				"down": {"uv": [1.5, 0, 2.5, 1], "texture": "#5"}
			}
		},
		{
			"from": [4.5, 14.25, 3.9],
			"to": [5.25, 15.5, 4.65],
			"rotation": {"angle": 0, "axis": "y", "origin": [5.55, 14.875, 3.9]},
			"faces": {
				"north": {"uv": [0, 0, 0.75, 1.25], "rotation": 180, "texture": "#5"},
				"east": {"uv": [0, 0, 1.25, 0.75], "rotation": 90, "texture": "#5"},
				"south": {"uv": [0, 0, 0.75, 1.25], "texture": "#5"},
				"west": {"uv": [0, 0, 1.25, 0.75], "rotation": 90, "texture": "#5"},
				"up": {"uv": [0, 0, 0.75, 0.75], "rotation": 180, "texture": "#5"},
				"down": {"uv": [1.5, 0, 2.5, 1], "texture": "#5"}
			}
		},
		{
			"from": [4.625, 13.75, 3.15],
			"to": [5.125, 15, 3.9],
			"rotation": {"angle": 0, "axis": "y", "origin": [5.675, 14.375, 3.15]},
			"faces": {
				"north": {"uv": [0, 0, 0.5, 1.25], "rotation": 180, "texture": "#5"},
				"east": {"uv": [0, 0, 1.25, 0.75], "rotation": 90, "texture": "#5"},
				"south": {"uv": [0, 0, 0.5, 1.25], "texture": "#5"},
				"west": {"uv": [0, 0, 1.25, 0.75], "rotation": 90, "texture": "#5"},
				"up": {"uv": [0, 0, 0.5, 0.75], "rotation": 180, "texture": "#5"},
				"down": {"uv": [1.5, 0, 2, 1], "texture": "#5"}
			}
		},
		{
			"from": [4.75, 13, 2.65],
			"to": [5, 14.5, 3.15],
			"rotation": {"angle": 0, "axis": "y", "origin": [5.8, 13.875, 2.4]},
			"faces": {
				"north": {"uv": [0, 0, 0.25, 1.5], "rotation": 180, "texture": "#5"},
				"east": {"uv": [0, 0, 1.5, 0.5], "rotation": 90, "texture": "#5"},
				"south": {"uv": [0, 0, 0.25, 1.5], "texture": "#5"},
				"west": {"uv": [0, 0, 1.5, 0.5], "rotation": 90, "texture": "#5"},
				"up": {"uv": [0, 0, 0.25, 0.5], "rotation": 180, "texture": "#5"},
				"down": {"uv": [1, 0, 1.25, 0.5], "texture": "#5"}
			}
		},
		{
			"from": [4.75, 12.25, 2.4],
			"to": [5, 14, 2.65],
			"rotation": {"angle": 0, "axis": "y", "origin": [5.8, 13.375, 1.9]},
			"faces": {
				"north": {"uv": [0, 0, 0.25, 1.75], "rotation": 180, "texture": "#5"},
				"east": {"uv": [0, 0, 1.75, 0.25], "rotation": 90, "texture": "#5"},
				"south": {"uv": [0, 0, 0.25, 1.75], "texture": "#5"},
				"west": {"uv": [0, 0, 1.75, 0.25], "rotation": 90, "texture": "#5"},
				"up": {"uv": [0, 0, 0.25, 0.25], "rotation": 180, "texture": "#5"},
				"down": {"uv": [0, 0, 0.25, 0.25], "texture": "#5"}
			}
		},
		{
			"from": [10.25, 16, 7.4],
			"to": [10.5, 16.25, 8.65],
			"rotation": {"angle": 0, "axis": "y", "origin": [10.875, 15.28048, 6.80691]},
			"faces": {
				"north": {"uv": [11, 0, 11.5, 2], "rotation": 180, "texture": "#5"},
				"east": {"uv": [11, 0, 13, 0.5], "rotation": 270, "texture": "#5"},
				"south": {"uv": [11, 0, 11.5, 2], "texture": "#5"},
				"west": {"uv": [11, 0, 13, 0.5], "rotation": 90, "texture": "#5"},
				"up": {"uv": [11.5, 0, 11.75, 1.25], "rotation": 180, "texture": "#5"},
				"down": {"uv": [11.5, 0, 11.75, 1.25], "texture": "#5"}
			}
		},
		{
			"from": [10.5, 16, 8.65],
			"to": [11.75, 16.25, 8.9],
			"rotation": {"angle": 0, "axis": "y", "origin": [11.125, 15.28048, 7.05691]},
			"faces": {
				"north": {"uv": [11, 0, 11.5, 2], "rotation": 180, "texture": "#5"},
				"east": {"uv": [11, 0, 13, 0.5], "rotation": 270, "texture": "#5"},
				"south": {"uv": [11, 0, 11.5, 2], "texture": "#5"},
				"west": {"uv": [11, 0, 13, 0.5], "rotation": 90, "texture": "#5"},
				"up": {"uv": [11.5, 0, 12.75, 0.25], "rotation": 180, "texture": "#5"},
				"down": {"uv": [11.5, 0, 12.75, 0.25], "texture": "#5"}
			}
		},
		{
			"from": [10.5, 16, 7.15],
			"to": [11.75, 16.25, 7.4],
			"rotation": {"angle": 0, "axis": "y", "origin": [11.125, 15.28048, 5.55691]},
			"faces": {
				"north": {"uv": [11, 0, 11.5, 2], "rotation": 180, "texture": "#5"},
				"east": {"uv": [11, 0, 13, 0.5], "rotation": 270, "texture": "#5"},
				"south": {"uv": [11, 0, 11.5, 2], "texture": "#5"},
				"west": {"uv": [11, 0, 13, 0.5], "rotation": 90, "texture": "#5"},
				"up": {"uv": [11.5, 0, 12.75, 0.25], "rotation": 180, "texture": "#5"},
				"down": {"uv": [11.5, 0, 12.75, 0.25], "texture": "#5"}
			}
		},
		{
			"from": [10.5, 14.5, 7.15],
			"to": [11.75, 14.75, 7.4],
			"rotation": {"angle": 0, "axis": "y", "origin": [11.125, 13.78048, 5.55691]},
			"faces": {
				"north": {"uv": [11, 0, 11.5, 2], "rotation": 180, "texture": "#5"},
				"east": {"uv": [11, 0, 13, 0.5], "rotation": 270, "texture": "#5"},
				"south": {"uv": [11, 0, 11.5, 2], "texture": "#5"},
				"west": {"uv": [11, 0, 13, 0.5], "rotation": 90, "texture": "#5"},
				"up": {"uv": [11.5, 0, 12.75, 0.25], "rotation": 180, "texture": "#5"},
				"down": {"uv": [11.5, 0, 12.75, 0.25], "texture": "#5"}
			}
		},
		{
			"from": [10.5, 14.5, 8.65],
			"to": [11.75, 14.75, 8.9],
			"rotation": {"angle": 0, "axis": "y", "origin": [11.125, 13.78048, 7.05691]},
			"faces": {
				"north": {"uv": [11, 0, 11.5, 2], "rotation": 180, "texture": "#5"},
				"east": {"uv": [11, 0, 13, 0.5], "rotation": 270, "texture": "#5"},
				"south": {"uv": [11, 0, 11.5, 2], "texture": "#5"},
				"west": {"uv": [11, 0, 13, 0.5], "rotation": 90, "texture": "#5"},
				"up": {"uv": [11.5, 0, 12.75, 0.25], "rotation": 180, "texture": "#5"},
				"down": {"uv": [11.5, 0, 12.75, 0.25], "texture": "#5"}
			}
		},
		{
			"from": [10.25, 14.5, 8.65],
			"to": [10.5, 16.25, 8.9],
			"rotation": {"angle": 0, "axis": "y", "origin": [10.875, 15.28048, 7.05691]},
			"faces": {
				"north": {"uv": [11, 0, 11.5, 2], "rotation": 180, "texture": "#5"},
				"east": {"uv": [11, 0, 13, 0.5], "rotation": 270, "texture": "#5"},
				"south": {"uv": [11, 0, 11.5, 2], "texture": "#5"},
				"west": {"uv": [11, 0, 13, 0.5], "rotation": 90, "texture": "#5"},
				"up": {"uv": [11.5, 0, 11.75, 0.25], "rotation": 180, "texture": "#5"},
				"down": {"uv": [11.5, 0, 11.75, 0.25], "texture": "#5"}
			}
		},
		{
			"from": [10.25, 14.5, 7.4],
			"to": [10.5, 14.75, 8.65],
			"rotation": {"angle": 0, "axis": "y", "origin": [10.875, 13.78048, 6.80691]},
			"faces": {
				"north": {"uv": [11, 0, 11.5, 2], "rotation": 180, "texture": "#5"},
				"east": {"uv": [11, 0, 13, 0.5], "rotation": 270, "texture": "#5"},
				"south": {"uv": [11, 0, 11.5, 2], "texture": "#5"},
				"west": {"uv": [11, 0, 13, 0.5], "rotation": 90, "texture": "#5"},
				"up": {"uv": [11.5, 0, 11.75, 1.25], "rotation": 180, "texture": "#5"},
				"down": {"uv": [11.5, 0, 11.75, 1.25], "texture": "#5"}
			}
		},
		{
			"from": [10.25, 14.5, 7.15],
			"to": [10.5, 16.25, 7.4],
			"rotation": {"angle": 0, "axis": "y", "origin": [10.875, 15.28048, 5.55691]},
			"faces": {
				"north": {"uv": [11, 0, 11.5, 2], "rotation": 180, "texture": "#5"},
				"east": {"uv": [11, 0, 13, 0.5], "rotation": 270, "texture": "#5"},
				"south": {"uv": [11, 0, 11.5, 2], "texture": "#5"},
				"west": {"uv": [11, 0, 13, 0.5], "rotation": 90, "texture": "#5"},
				"up": {"uv": [11.5, 0, 11.75, 0.25], "rotation": 180, "texture": "#5"},
				"down": {"uv": [11.5, 0, 11.75, 0.25], "texture": "#5"}
			}
		},
		{
			"from": [11.75, 16, 7.4],
			"to": [12, 16.25, 8.65],
			"rotation": {"angle": 0, "axis": "y", "origin": [12.375, 15.28048, 6.80691]},
			"faces": {
				"north": {"uv": [11, 0, 11.5, 2], "rotation": 180, "texture": "#5"},
				"east": {"uv": [11, 0, 13, 0.5], "rotation": 270, "texture": "#5"},
				"south": {"uv": [11, 0, 11.5, 2], "texture": "#5"},
				"west": {"uv": [11, 0, 13, 0.5], "rotation": 90, "texture": "#5"},
				"up": {"uv": [11.5, 0, 11.75, 1.25], "rotation": 180, "texture": "#5"},
				"down": {"uv": [11.5, 0, 11.75, 1.25], "texture": "#5"}
			}
		},
		{
			"from": [11.75, 14.5, 8.65],
			"to": [12, 16.25, 8.9],
			"rotation": {"angle": 0, "axis": "y", "origin": [12.375, 15.28048, 7.05691]},
			"faces": {
				"north": {"uv": [11, 0, 11.5, 2], "rotation": 180, "texture": "#5"},
				"east": {"uv": [11, 0, 13, 0.5], "rotation": 270, "texture": "#5"},
				"south": {"uv": [11, 0, 11.5, 2], "texture": "#5"},
				"west": {"uv": [11, 0, 13, 0.5], "rotation": 90, "texture": "#5"},
				"up": {"uv": [11.5, 0, 11.75, 0.25], "rotation": 180, "texture": "#5"},
				"down": {"uv": [11.5, 0, 11.75, 0.25], "texture": "#5"}
			}
		},
		{
			"from": [11.75, 14.5, 7.4],
			"to": [12, 14.75, 8.65],
			"rotation": {"angle": 0, "axis": "y", "origin": [12.375, 13.78048, 6.80691]},
			"faces": {
				"north": {"uv": [11, 0, 11.5, 2], "rotation": 180, "texture": "#5"},
				"east": {"uv": [11, 0, 13, 0.5], "rotation": 270, "texture": "#5"},
				"south": {"uv": [11, 0, 11.5, 2], "texture": "#5"},
				"west": {"uv": [11, 0, 13, 0.5], "rotation": 90, "texture": "#5"},
				"up": {"uv": [11.5, 0, 11.75, 1.25], "rotation": 180, "texture": "#5"},
				"down": {"uv": [11.5, 0, 11.75, 1.25], "texture": "#5"}
			}
		},
		{
			"from": [11.75, 14.5, 7.15],
			"to": [12, 16.25, 7.4],
			"rotation": {"angle": 0, "axis": "y", "origin": [12.375, 15.28048, 5.55691]},
			"faces": {
				"north": {"uv": [11, 0, 11.5, 2], "rotation": 180, "texture": "#5"},
				"east": {"uv": [11, 0, 13, 0.5], "rotation": 270, "texture": "#5"},
				"south": {"uv": [11, 0, 11.5, 2], "texture": "#5"},
				"west": {"uv": [11, 0, 13, 0.5], "rotation": 90, "texture": "#5"},
				"up": {"uv": [11.5, 0, 11.75, 0.25], "rotation": 180, "texture": "#5"},
				"down": {"uv": [11.5, 0, 11.75, 0.25], "texture": "#5"}
			}
		},
		{
			"from": [10.5, 14.75, 5.65],
			"to": [11.75, 16, 8.65],
			"rotation": {"angle": 0, "axis": "y", "origin": [11.55, 15.375, 7.9]},
			"faces": {
				"north": {"uv": [3.5, 0, 5, 1.5], "rotation": 180, "texture": "#5"},
				"east": {"uv": [0.5, 0, 2, 3], "rotation": 90, "texture": "#5"},
				"south": {"uv": [0, 0, 1.25, 1.25], "rotation": 90, "texture": "#5"},
				"west": {"uv": [0.5, 0, 2, 3], "rotation": 90, "texture": "#5"},
				"up": {"uv": [2.5, 0, 4, 3], "rotation": 180, "texture": "#5"},
				"down": {"uv": [1, 1.5, 2.5, 4.5], "texture": "#5"}
			}
		},
		{
			"from": [10.75, 14.5, 4.65],
			"to": [11.5, 15.75, 5.65],
			"rotation": {"angle": 0, "axis": "y", "origin": [11.8, 15.125, 4.9]},
			"faces": {
				"north": {"uv": [0, 0, 0.75, 1.25], "rotation": 180, "texture": "#5"},
				"east": {"uv": [0.5, 0, 2, 1], "rotation": 90, "texture": "#5"},
				"south": {"uv": [0, 0, 0.75, 1.25], "texture": "#5"},
				"west": {"uv": [0.5, 0, 2, 1], "rotation": 90, "texture": "#5"},
				"up": {"uv": [0, 0, 0.75, 1], "rotation": 180, "texture": "#5"},
				"down": {"uv": [1.5, 0, 2.5, 1], "texture": "#5"}
			}
		},
		{
			"from": [10.75, 14.25, 3.9],
			"to": [11.5, 15.5, 4.65],
			"rotation": {"angle": 0, "axis": "y", "origin": [11.8, 14.875, 3.9]},
			"faces": {
				"north": {"uv": [0, 0, 0.75, 1.25], "rotation": 180, "texture": "#5"},
				"east": {"uv": [0.5, 0, 2, 1], "rotation": 90, "texture": "#5"},
				"south": {"uv": [0, 0, 0.75, 1.25], "texture": "#5"},
				"west": {"uv": [0.5, 0, 2, 1], "rotation": 90, "texture": "#5"},
				"up": {"uv": [0, 0, 0.75, 0.75], "rotation": 180, "texture": "#5"},
				"down": {"uv": [1.5, 0, 2.5, 1], "texture": "#5"}
			}
		},
		{
			"from": [10.875, 13.75, 3.15],
			"to": [11.375, 15, 3.9],
			"rotation": {"angle": 0, "axis": "y", "origin": [11.925, 14.375, 3.15]},
			"faces": {
				"north": {"uv": [0, 0, 0.5, 1.25], "rotation": 180, "texture": "#5"},
				"east": {"uv": [0.5, 0, 2, 1], "rotation": 90, "texture": "#5"},
				"south": {"uv": [0, 0, 0.5, 1.25], "texture": "#5"},
				"west": {"uv": [0.5, 0, 2, 1], "rotation": 90, "texture": "#5"},
				"up": {"uv": [0, 0, 0.5, 0.75], "rotation": 180, "texture": "#5"},
				"down": {"uv": [2, 0, 2.5, 1], "texture": "#5"}
			}
		},
		{
			"from": [11, 13, 2.65],
			"to": [11.25, 14.5, 3.15],
			"rotation": {"angle": 0, "axis": "y", "origin": [12.05, 13.875, 2.4]},
			"faces": {
				"north": {"uv": [0, 0, 0.25, 1.5], "rotation": 180, "texture": "#5"},
				"east": {"uv": [0.5, 0, 2, 0.5], "rotation": 90, "texture": "#5"},
				"south": {"uv": [0, 0, 0.25, 1.5], "texture": "#5"},
				"west": {"uv": [0.5, 0, 2, 0.5], "rotation": 90, "texture": "#5"},
				"up": {"uv": [0, 0, 0.25, 0.5], "rotation": 180, "texture": "#5"},
				"down": {"uv": [1.5, 0, 1.75, 0.5], "texture": "#5"}
			}
		},
		{
			"from": [11, 12.25, 2.4],
			"to": [11.25, 14, 2.65],
			"rotation": {"angle": 0, "axis": "y", "origin": [12.05, 13.375, 1.9]},
			"faces": {
				"north": {"uv": [0, 0, 0.25, 1.75], "rotation": 180, "texture": "#5"},
				"east": {"uv": [0, 0, 1.75, 0.25], "rotation": 90, "texture": "#5"},
				"south": {"uv": [0, 0, 0.25, 1.75], "texture": "#5"},
				"west": {"uv": [0.5, 0, 2.5, 0.5], "rotation": 90, "texture": "#5"},
				"up": {"uv": [0, 0, 0.25, 0.25], "rotation": 180, "texture": "#5"},
				"down": {"uv": [0, 0, 0.25, 0.25], "texture": "#5"}
			}
		},
		{
			"from": [7.06664, 16.50659, 10.325],
			"to": [7.91664, 17.10659, 11.175],
			"rotation": {"angle": 45, "axis": "z", "origin": [7.98661, 16.31161, 10.75]},
			"faces": {
				"north": {"uv": [1.5, 0, 2, 0.75], "rotation": 90, "texture": "#5"},
				"east": {"uv": [1, 0, 1.5, 0.75], "rotation": 270, "texture": "#5"},
				"south": {"uv": [0, 0, 0.5, 0.75], "rotation": 90, "texture": "#5"},
				"west": {"uv": [0, 0, 0.5, 0.75], "rotation": 90, "texture": "#5"},
				"up": {"uv": [1, 0, 2, 1], "rotation": 180, "texture": "#5"},
				"down": {"uv": [0, 0, 0.75, 0.75], "texture": "#5"}
			}
		},
		{
			"from": [8.18159, 15.39164, 10.325],
			"to": [8.78159, 16.24164, 11.175],
			"rotation": {"angle": 45, "axis": "z", "origin": [7.98661, 16.31161, 10.75]},
			"faces": {
				"north": {"uv": [1, 0, 1.5, 0.75], "texture": "#5"},
				"east": {"uv": [0.5, 0, 1.5, 1], "rotation": 270, "texture": "#5"},
				"south": {"uv": [0, 0, 0.5, 0.75], "rotation": 180, "texture": "#5"},
				"west": {"uv": [0, 0, 0.75, 0.75], "rotation": 90, "texture": "#5"},
				"up": {"uv": [1, 0, 1.5, 0.75], "rotation": 180, "texture": "#5"},
				"down": {"uv": [0, 0, 0.5, 0.75], "texture": "#5"}
			}
		},
		{
			"from": [7.375, 15, 9.875],
			"to": [8.625, 16, 10.125],
			"rotation": {"angle": 0, "axis": "y", "origin": [8, 15.5, 10]},
			"faces": {
				"north": {"uv": [1, 0, 2.5, 1], "rotation": 180, "texture": "#5"},
				"east": {"uv": [0, 0, 1, 0.25], "rotation": 270, "texture": "#5"},
				"south": {"uv": [0, 0, 1.25, 1], "texture": "#5"},
				"west": {"uv": [0, 0, 1, 0.25], "rotation": 90, "texture": "#5"},
				"up": {"uv": [1, 0, 2.25, 0.25], "rotation": 180, "texture": "#5"},
				"down": {"uv": [0, 0, 1.25, 0.25], "texture": "#5"}
			}
		},
		{
			"from": [7.375, 16.25, 10.375],
			"to": [8.625, 16.75, 11.125],
			"rotation": {"angle": 0, "axis": "y", "origin": [8.37154, 15.83333, 11.20833]},
			"faces": {
				"north": {"uv": [1, 0, 2.25, 0.5], "rotation": 180, "texture": "#5"},
				"east": {"uv": [0, 0, 0.5, 0.75], "rotation": 270, "texture": "#5"},
				"south": {"uv": [0, 0, 1.25, 0.5], "texture": "#5"},
				"west": {"uv": [0, 0, 0.5, 0.75], "rotation": 90, "texture": "#5"},
				"up": {"uv": [1, 0, 2.5, 1], "rotation": 180, "texture": "#5"},
				"down": {"uv": [0, 0, 1.25, 0.75], "texture": "#5"}
			}
		},
		{
			"from": [7.375, 16, 11.275],
			"to": [8.625, 16.5, 11.775],
			"rotation": {"angle": 0, "axis": "y", "origin": [8.37154, 15.58333, 12.35833]},
			"faces": {
				"north": {"uv": [0, 0, 1.25, 0.5], "rotation": 180, "texture": "#5"},
				"east": {"uv": [0, 0, 0.5, 0.5], "rotation": 270, "texture": "#5"},
				"south": {"uv": [0, 0, 1.25, 0.5], "texture": "#5"},
				"west": {"uv": [0, 0, 0.5, 0.5], "rotation": 90, "texture": "#5"},
				"up": {"uv": [1, 2.5, 2.5, 3], "rotation": 180, "texture": "#5"},
				"down": {"uv": [0, 0, 1.25, 0.5], "texture": "#5"}
			}
		},
		{
			"from": [7.125, 16.25, 12.375],
			"to": [8.875, 16.5, 12.875],
			"rotation": {"angle": 0, "axis": "y", "origin": [8.37154, 15.58333, 13.20833]},
			"faces": {
				"north": {"uv": [0, 0, 1.75, 0.25], "rotation": 180, "texture": "#5"},
				"east": {"uv": [0, 0, 0.25, 0.5], "rotation": 270, "texture": "#5"},
				"south": {"uv": [0, 0, 1.75, 0.25], "texture": "#5"},
				"west": {"uv": [0, 0, 0.25, 0.5], "rotation": 90, "texture": "#5"},
				"up": {"uv": [0.5, 3, 2.5, 3.5], "rotation": 180, "texture": "#5"},
				"down": {"uv": [0, 0, 1.75, 0.5], "texture": "#5"}
			}
		},
		{
			"from": [7.125, 16.25, 11.125],
			"to": [7.375, 16.5, 12.375],
			"rotation": {"angle": 0, "axis": "y", "origin": [8.37154, 15.58333, 12.95833]},
			"faces": {
				"north": {"uv": [0, 0, 0.25, 0.25], "rotation": 180, "texture": "#5"},
				"east": {"uv": [0, 0, 0.25, 1.25], "rotation": 270, "texture": "#5"},
				"south": {"uv": [0, 0, 0.25, 0.25], "texture": "#5"},
				"west": {"uv": [0, 0, 0.25, 1.25], "rotation": 90, "texture": "#5"},
				"up": {"uv": [1, 0, 1.25, 1.25], "rotation": 180, "texture": "#5"},
				"down": {"uv": [0, 0, 0.25, 1.25], "texture": "#5"}
			}
		},
		{
			"from": [8.625, 16.25, 11.125],
			"to": [8.875, 16.5, 12.375],
			"rotation": {"angle": 0, "axis": "y", "origin": [9.87154, 15.58333, 12.95833]},
			"faces": {
				"north": {"uv": [0, 0, 1, 1], "texture": "#5"},
				"east": {"uv": [0, 1, 1, 2], "texture": "#5"},
				"south": {"uv": [1, 1, 2, 2], "texture": "#5"},
				"west": {"uv": [1, 0, 2, 1], "texture": "#5"},
				"up": {"uv": [2, 3, 1, 2], "texture": "#5"},
				"down": {"uv": [2, 2, 1, 3], "texture": "#5"}
			}
		},
		{
			"from": [6.875, 15, 10.375],
			"to": [7.125, 16, 12.375],
			"rotation": {"angle": 0, "axis": "y", "origin": [7.87154, 15.08333, 11.45833]},
			"faces": {
				"north": {"uv": [0, 0, 0.25, 1], "rotation": 180, "texture": "#5"},
				"east": {"uv": [0, 0, 1, 2], "rotation": 270, "texture": "#5"},
				"south": {"uv": [0, 0, 0.25, 1], "texture": "#5"},
				"west": {"uv": [0.5, 1.5, 1.5, 3.5], "rotation": 90, "texture": "#5"},
				"up": {"uv": [1, 0, 1.25, 2], "rotation": 180, "texture": "#5"},
				"down": {"uv": [0, 0, 0.25, 2], "texture": "#5"}
			}
		},
		{
			"from": [8.875, 15, 10.375],
			"to": [9.125, 16, 12.375],
			"rotation": {"angle": 0, "axis": "y", "origin": [9, 15.375, 11.5]},
			"faces": {
				"north": {"uv": [0, 0, 0.25, 1], "rotation": 180, "texture": "#5"},
				"east": {"uv": [0.5, 1.5, 1.5, 3.5], "rotation": 270, "texture": "#5"},
				"south": {"uv": [0, 0, 0.25, 1], "texture": "#5"},
				"west": {"uv": [0, 0, 1, 2], "rotation": 90, "texture": "#5"},
				"up": {"uv": [1, 0, 1.25, 2], "rotation": 180, "texture": "#5"},
				"down": {"uv": [0, 0, 0.25, 2], "texture": "#5"}
			}
		},
		{
			"from": [7.875, 14.5, 11.625],
			"to": [8.125, 16.75, 13.125],
			"rotation": {"angle": 0, "axis": "y", "origin": [8, 17.125, 12.75]},
			"faces": {
				"north": {"uv": [1.5, 0, 2, 2.5], "rotation": 180, "texture": "#5"},
				"east": {"uv": [11, 1, 13.5, 2.5], "rotation": 270, "texture": "#5"},
				"south": {"uv": [11.5, 0, 12, 2.5], "texture": "#5"},
				"west": {"uv": [11, 0, 13.5, 1.5], "rotation": 90, "texture": "#5"},
				"up": {"uv": [11, 0, 11.5, 1.5], "rotation": 180, "texture": "#5"},
				"down": {"uv": [11, 0, 11.5, 1.5], "texture": "#5"}
			}
		},
		{
			"from": [7.125, 14.75, 10.125],
			"to": [8.875, 16.25, 12.875],
			"rotation": {"angle": 0, "axis": "y", "origin": [7.99852, 16.08333, 11.70833]},
			"faces": {
				"north": {"uv": [0.5, 2.5, 2.5, 4.5], "texture": "#5"},
				"east": {"uv": [0, 0, 3, 2], "texture": "#5"},
				"south": {"uv": [0, 0, 2, 2], "texture": "#5"},
				"west": {"uv": [0, 0.5, 2.5, 3], "texture": "#5"},
				"up": {"uv": [6, 9, 4, 6.5], "texture": "#5"},
				"down": {"uv": [2, 0, 0, 3], "texture": "#5"}
			}
		}
	],
	"display": {
		"thirdperson_righthand": {
			"rotation": [18, 0, 0],
			"translation": [0, 0.25, 2],
			"scale": [1.5, 1.5, 1.5]
		},
		"thirdperson_lefthand": {
			"rotation": [18, 0, 0],
			"translation": [0, 0.25, 2],
			"scale": [1.5, 1.5, 1.5]
		},
		"firstperson_righthand": {
			"rotation": [-9.75, 16, 0],
			"translation": [6, -0.25, 0.25]
		},
		"ground": {
			"rotation": [15.75, 0, -2]
		},
		"gui": {
			"rotation": [58.75, -149, 30.75],
			"translation": [-2, -2.5, 0]
		},
		"head": {
			"rotation": [-92, 0, 0],
			"translation": [0, 0, 28],
			"scale": [4, 4, 4]
		},
		"fixed": {
			"rotation": [-90, 0, 0],
			"translation": [0, 0, 3.25]
		}
	},
	"groups": [
		{
			"name": "pickaxe",
			"origin": [8, 8, 8],
			"children": [
				{
					"name": "hilt",
					"origin": [7.99654, 8.08333, 8.87897],
					"children": [0, 1, 2]
				},
				{
					"name": "head",
					"origin": [8, 8, 8],
					"children": [
						{
							"name": "gembox",
							"origin": [7.99802, 15.28048, 6.95255],
							"children": [3, 4, 5, 6]
						},
						{
							"name": "bar",
							"origin": [8, 11.28048, 6.78191],
							"children": [7, 8]
						},
						{
							"name": "righthead",
							"origin": [8, 8, 8],
							"children": [
								{
									"name": "emboss",
									"origin": [6.125, 11.53048, 5.55691],
									"children": [9, 10, 11, 12, 13, 14, 15, 16, 17, 18, 19, 20]
								},
								{
									"name": "rightpick",
									"origin": [5.3, 11.625, 7.9],
									"children": [21, 22, 23, 24, 25, 26]
								}
							]
						},
						{
							"name": "lefthead",
							"origin": [8, 8, 8],
							"children": [
								{
									"name": "emboss",
									"origin": [6.125, 11.53048, 5.55691],
									"children": [27, 28, 29, 30, 31, 32, 33, 34, 35, 36, 37, 38]
								},
								{
									"name": "leftpick",
									"origin": [5.3, 11.625, 7.9],
									"children": [39, 40, 41, 42, 43, 44]
								}
							]
						},
						{
							"name": "giant",
							"origin": [8, 8, 8],
							"children": [
								{
									"name": "group",
									"origin": [7.87154, 11.83333, 11.95833],
									"children": [45, 46]
								}, 47, 48, 49, 50, 51, 52, 53, 54, 55, 56]
						}
					]
				}
			]
		}
	]
}